campeonato,partida,demo
https://gamersclub.com.br/campeonatos/csgo/4438,https://gamersclub.com.br/campeonatos/csgo/4438/partida/306407,https://prod-demo-parser-gc-demos.s3.amazonaws.com/684909_de_dust2_selecao-no-org_durany.zip
https://gamersclub.com.br/campeonatos/csgo/4438,https://gamersclub.com.br/campeonatos/csgo/4438/partida/306407,https://prod-demo-parser-gc-demos.s3.amazonaws.com/685080_de_vertigo_selecao-no-org_durany.zip
https://gamersclub.com.br/campeonatos/csgo/4438,https://gamersclub.com.br/campeonatos/csgo/4438/partida/306407,https://prod-demo-parser-gc-demos.s3.amazonaws.com/685212_de_mirage_selecao-no-org_durany.zip
https://gamersclub.com.br/campeonatos/csgo/4438,https://gamersclub.com.br/campeonatos/csgo/4438/partida/306408,https://prod-demo-parser-gc-demos.s3.amazonaws.com/679201_de_overpass_santos-e-sports_rush-esports.zip
https://gamersclub.com.br/campeonatos/csgo/4438,https://gamersclub.com.br/campeonatos/csgo/4438/partida/306408,https://prod-demo-parser-gc-demos.s3.amazonaws.com/679479_de_mirage_santos-e-sports_rush-esports.zip
https://gamersclub.com.br/campeonatos/csgo/4438,https://gamersclub.com.br/campeonatos/csgo/4438/partida/306411,https://prod-demo-parser-gc-demos.s3.amazonaws.com/676822_de_nuke_rush-esports_meta-gaming.zip
https://gamersclub.com.br/campeonatos/csgo/4438,https://gamersclub.com.br/campeonatos/csgo/4438/partida/306411,https://prod-demo-parser-gc-demos.s3.amazonaws.com/677034_de_dust2_rush-esports_meta-gaming.zip
https://gamersclub.com.br/campeonatos/csgo/4438,https://gamersclub.com.br/campeonatos/csgo/4438/partida/306411,https://prod-demo-parser-gc-demos.s3.amazonaws.com/677438_de_train_rush-esports_meta-gaming.zip
https://gamersclub.com.br/campeonatos/csgo/4438,https://gamersclub.com.br/campeonatos/csgo/4438/partida/306412,https://prod-demo-parser-gc-demos.s3.amazonaws.com/682222_de_inferno_rush-esports_durany.zip
https://gamersclub.com.br/campeonatos/csgo/4438,https://gamersclub.com.br/campeonatos/csgo/4438/partida/306412,https://prod-demo-parser-gc-demos.s3.amazonaws.com/682240_de_dust2_rush-esports_durany.zip
https://gamersclub.com.br/campeonatos/csgo/4438,https://gamersclub.com.br/campeonatos/csgo/4438/partida/306412,https://prod-demo-parser-gc-demos.s3.amazonaws.com/682289_de_nuke_rush-esports_durany.zip
https://gamersclub.com.br/campeonatos/csgo/4438,https://gamersclub.com.br/campeonatos/csgo/4438/partida/306415,https://prod-demo-parser-gc-demos.s3.amazonaws.com/676671_de_inferno_vivo-keyd_procyon-team.zip
https://gamersclub.com.br/campeonatos/csgo/4438,https://gamersclub.com.br/campeonatos/csgo/4438/partida/306415,https://prod-demo-parser-gc-demos.s3.amazonaws.com/676873_de_nuke_vivo-keyd_procyon-team.zip
https://gamersclub.com.br/campeonatos/csgo/4438,https://gamersclub.com.br/campeonatos/csgo/4438/partida/306421,https://prod-demo-parser-gc-demos.s3.amazonaws.com/682147_de_inferno_procyon-team_kg-network.zip
https://gamersclub.com.br/campeonatos/csgo/4438,https://gamersclub.com.br/campeonatos/csgo/4438/partida/306421,https://prod-demo-parser-gc-demos.s3.amazonaws.com/682221_de_train_procyon-team_kg-network.zip
https://gamersclub.com.br/campeonatos/csgo/4438,https://gamersclub.com.br/campeonatos/csgo/4438/partida/306422,https://prod-demo-parser-gc-demos.s3.amazonaws.com/678748_de_dust2_procyon-team_jaguares.zip
https://gamersclub.com.br/campeonatos/csgo/4438,https://gamersclub.com.br/campeonatos/csgo/4438/partida/306422,https://prod-demo-parser-gc-demos.s3.amazonaws.com/678872_de_nuke_procyon-team_jaguares.zip
https://gamersclub.com.br/campeonatos/csgo/4438,https://gamersclub.com.br/campeonatos/csgo/4438/partida/306423,https://prod-demo-parser-gc-demos.s3.amazonaws.com/676431_de_dust2_kg-network_jaguares.zip
https://gamersclub.com.br/campeonatos/csgo/4438,https://gamersclub.com.br/campeonatos/csgo/4438/partida/306423,https://prod-demo-parser-gc-demos.s3.amazonaws.com/676550_de_train_kg-network_jaguares.zip
https://gamersclub.com.br/campeonatos/csgo/4438,https://gamersclub.com.br/campeonatos/csgo/4438/partida/306423,https://prod-demo-parser-gc-demos.s3.amazonaws.com/676687_de_mirage_kg-network_jaguares.zip
https://gamersclub.com.br/campeonatos/csgo/4439,https://gamersclub.com.br/campeonatos/csgo/4439/partida/302699,https://prod-demo-parser-gc-demos.s3.amazonaws.com/678648_de_inferno_detona_wolsung-sem-org.zip
https://gamersclub.com.br/campeonatos/csgo/4439,https://gamersclub.com.br/campeonatos/csgo/4439/partida/302700,https://prod-demo-parser-gc-demos.s3.amazonaws.com/679774_de_dust2_detona_ceara-sporting-club.zip
https://gamersclub.com.br/campeonatos/csgo/4439,https://gamersclub.com.br/campeonatos/csgo/4439/partida/302701,https://prod-demo-parser-gc-demos.s3.amazonaws.com/679207_de_nuke_detona_no-org.zip
https://gamersclub.com.br/campeonatos/csgo/4439,https://gamersclub.com.br/campeonatos/csgo/4439/partida/302702,https://prod-demo-parser-gc-demos.s3.amazonaws.com/674564_de_nuke_detona_flow-nocturns-gaming.zip
https://gamersclub.com.br/campeonatos/csgo/4439,https://gamersclub.com.br/campeonatos/csgo/4439/partida/302703,https://prod-demo-parser-gc-demos.s3.amazonaws.com/676981_de_inferno_detona_atletico-goianiense-esports.zip
https://gamersclub.com.br/campeonatos/csgo/4439,https://gamersclub.com.br/campeonatos/csgo/4439/partida/302704,https://prod-demo-parser-gc-demos.s3.amazonaws.com/678851_de_inferno_wolsung-sem-org_ceara-sporting-club.zip
https://gamersclub.com.br/campeonatos/csgo/4439,https://gamersclub.com.br/campeonatos/csgo/4439/partida/302705,https://prod-demo-parser-gc-demos.s3.amazonaws.com/681296_de_inferno_wolsung-sem-org_no-org.zip
https://gamersclub.com.br/campeonatos/csgo/4439,https://gamersclub.com.br/campeonatos/csgo/4439/partida/302706,https://prod-demo-parser-gc-demos.s3.amazonaws.com/667944_de_dust2_wolsung-sem-org_flow-nocturns-gaming.zip
https://gamersclub.com.br/campeonatos/csgo/4439,https://gamersclub.com.br/campeonatos/csgo/4439/partida/302707,https://prod-demo-parser-gc-demos.s3.amazonaws.com/679011_de_nuke_wolsung-sem-org_atletico-goianiense-esports.zip
https://gamersclub.com.br/campeonatos/csgo/4439,https://gamersclub.com.br/campeonatos/csgo/4439/partida/302708,https://prod-demo-parser-gc-demos.s3.amazonaws.com/675542_de_inferno_ceara_no-org.zip
https://gamersclub.com.br/campeonatos/csgo/4439,https://gamersclub.com.br/campeonatos/csgo/4439/partida/302709,https://prod-demo-parser-gc-demos.s3.amazonaws.com/674861_de_nuke_ceara_flow-nocturns-gaming.zip
https://gamersclub.com.br/campeonatos/csgo/4439,https://gamersclub.com.br/campeonatos/csgo/4439/partida/302710,https://prod-demo-parser-gc-demos.s3.amazonaws.com/679390_de_train_ceara-sporting-club_atletico-goianiense-esports.zip
https://gamersclub.com.br/campeonatos/csgo/4439,https://gamersclub.com.br/campeonatos/csgo/4439/partida/302711,https://prod-demo-parser-gc-demos.s3.amazonaws.com/679923_de_dust2_no-org_flow-nocturns-gaming.zip
https://gamersclub.com.br/campeonatos/csgo/4439,https://gamersclub.com.br/campeonatos/csgo/4439/partida/302712,https://prod-demo-parser-gc-demos.s3.amazonaws.com/677371_de_vertigo_no-org_atletico-goianiense-esports.zip
https://gamersclub.com.br/campeonatos/csgo/4439,https://gamersclub.com.br/campeonatos/csgo/4439/partida/302713,https://prod-demo-parser-gc-demos.s3.amazonaws.com/675353_de_train_flow-nocturns-gaming_atletico-goianiense-esports.zip
https://gamersclub.com.br/campeonatos/csgo/4439,https://gamersclub.com.br/campeonatos/csgo/4439/partida/302714,https://prod-demo-parser-gc-demos.s3.amazonaws.com/675412_de_inferno_malvinas-gaming_evolutek-e-sports.zip
https://gamersclub.com.br/campeonatos/csgo/4439,https://gamersclub.com.br/campeonatos/csgo/4439/partida/302715,https://prod-demo-parser-gc-demos.s3.amazonaws.com/674674_de_nuke_malvinas-gaming_bravos-gaming.zip
https://gamersclub.com.br/campeonatos/csgo/4439,https://gamersclub.com.br/campeonatos/csgo/4439/partida/302716,https://prod-demo-parser-gc-demos.s3.amazonaws.com/678906_de_inferno_malvinas-gaming_old-migus.zip
https://gamersclub.com.br/campeonatos/csgo/4439,https://gamersclub.com.br/campeonatos/csgo/4439/partida/302717,https://prod-demo-parser-gc-demos.s3.amazonaws.com/677673_de_inferno_malvinas-gaming_blackhat-esports.zip
https://gamersclub.com.br/campeonatos/csgo/4439,https://gamersclub.com.br/campeonatos/csgo/4439/partida/302718,https://prod-demo-parser-gc-demos.s3.amazonaws.com/676808_de_mirage_malvinas-gaming_r3action.zip
https://gamersclub.com.br/campeonatos/csgo/4439,https://gamersclub.com.br/campeonatos/csgo/4439/partida/302719,https://prod-demo-parser-gc-demos.s3.amazonaws.com/675058_de_overpass_evolutek-e-sports_bravos-gaming.zip
https://gamersclub.com.br/campeonatos/csgo/4439,https://gamersclub.com.br/campeonatos/csgo/4439/partida/302721,https://prod-demo-parser-gc-demos.s3.amazonaws.com/679802_de_dust2_evolutek-e-sports_blackhat-esports.zip
https://gamersclub.com.br/campeonatos/csgo/4439,https://gamersclub.com.br/campeonatos/csgo/4439/partida/302722,https://prod-demo-parser-gc-demos.s3.amazonaws.com/677651_de_inferno_evolutek-e-sports_r3action.zip
https://gamersclub.com.br/campeonatos/csgo/4439,https://gamersclub.com.br/campeonatos/csgo/4439/partida/302723,https://prod-demo-parser-gc-demos.s3.amazonaws.com/678756_de_dust2_bravos-gaming_old-migus.zip
https://gamersclub.com.br/campeonatos/csgo/4439,https://gamersclub.com.br/campeonatos/csgo/4439/partida/302724,https://prod-demo-parser-gc-demos.s3.amazonaws.com/679169_de_train_bravos-gaming_blackhat-esports.zip
https://gamersclub.com.br/campeonatos/csgo/4439,https://gamersclub.com.br/campeonatos/csgo/4439/partida/302725,https://prod-demo-parser-gc-demos.s3.amazonaws.com/678968_de_nuke_bravos-gaming_r3action.zip
https://gamersclub.com.br/campeonatos/csgo/4439,https://gamersclub.com.br/campeonatos/csgo/4439/partida/302726,https://prod-demo-parser-gc-demos.s3.amazonaws.com/675301_de_inferno_old-migus_blackhat-esports.zip
https://gamersclub.com.br/campeonatos/csgo/4439,https://gamersclub.com.br/campeonatos/csgo/4439/partida/302727,https://prod-demo-parser-gc-demos.s3.amazonaws.com/679170_de_inferno_old-migus_r3action.zip
https://gamersclub.com.br/campeonatos/csgo/4439,https://gamersclub.com.br/campeonatos/csgo/4439/partida/302728,https://prod-demo-parser-gc-demos.s3.amazonaws.com/677245_de_inferno_blackhat-esports_r3action.zip
https://gamersclub.com.br/campeonatos/csgo/4439,https://gamersclub.com.br/campeonatos/csgo/4439/partida/302729,https://prod-demo-parser-gc-demos.s3.amazonaws.com/676894_de_inferno_workhard-esports_noorg-ex-ludens.zip
https://gamersclub.com.br/campeonatos/csgo/4439,https://gamersclub.com.br/campeonatos/csgo/4439/partida/302730,https://prod-demo-parser-gc-demos.s3.amazonaws.com/674959_de_inferno_workhard-esports_cooldown-esports.zip
https://gamersclub.com.br/campeonatos/csgo/4439,https://gamersclub.com.br/campeonatos/csgo/4439/partida/302731,https://prod-demo-parser-gc-demos.s3.amazonaws.com/679302_de_mirage_workhard-esports_hawks.zip
https://gamersclub.com.br/campeonatos/csgo/4439,https://gamersclub.com.br/campeonatos/csgo/4439/partida/302732,https://prod-demo-parser-gc-demos.s3.amazonaws.com/679034_de_inferno_workhard-esports_furia.zip
https://gamersclub.com.br/campeonatos/csgo/4439,https://gamersclub.com.br/campeonatos/csgo/4439/partida/302734,https://prod-demo-parser-gc-demos.s3.amazonaws.com/677505_de_inferno_noorg-ex-ludens_cooldown-esports.zip
https://gamersclub.com.br/campeonatos/csgo/4439,https://gamersclub.com.br/campeonatos/csgo/4439/partida/302735,https://prod-demo-parser-gc-demos.s3.amazonaws.com/676664_de_overpass_noorg-ex-ludens_hawks.zip
https://gamersclub.com.br/campeonatos/csgo/4439,https://gamersclub.com.br/campeonatos/csgo/4439/partida/302736,https://prod-demo-parser-gc-demos.s3.amazonaws.com/679345_de_dust2_noorg-ex-ludens_furia.zip
https://gamersclub.com.br/campeonatos/csgo/4439,https://gamersclub.com.br/campeonatos/csgo/4439/partida/302738,https://prod-demo-parser-gc-demos.s3.amazonaws.com/679667_de_overpass_cooldown-esports_hawks.zip
https://gamersclub.com.br/campeonatos/csgo/4439,https://gamersclub.com.br/campeonatos/csgo/4439/partida/302739,https://prod-demo-parser-gc-demos.s3.amazonaws.com/677014_de_dust2_cooldown-esports_furia.zip
https://gamersclub.com.br/campeonatos/csgo/4439,https://gamersclub.com.br/campeonatos/csgo/4439/partida/302741,https://prod-demo-parser-gc-demos.s3.amazonaws.com/680913_de_inferno_hawks_furia.zip
https://gamersclub.com.br/campeonatos/csgo/4439,https://gamersclub.com.br/campeonatos/csgo/4439/partida/302744,https://prod-demo-parser-gc-demos.s3.amazonaws.com/678883_de_inferno_ninenine_furia-academy.zip
https://gamersclub.com.br/campeonatos/csgo/4439,https://gamersclub.com.br/campeonatos/csgo/4439/partida/302745,https://prod-demo-parser-gc-demos.s3.amazonaws.com/676824_de_dust2_ninenine_polux-e-sports.zip
https://gamersclub.com.br/campeonatos/csgo/4439,https://gamersclub.com.br/campeonatos/csgo/4439/partida/302747,https://prod-demo-parser-gc-demos.s3.amazonaws.com/674806_de_dust2_ninenine_havan-liberty-academy.zip
https://gamersclub.com.br/campeonatos/csgo/4439,https://gamersclub.com.br/campeonatos/csgo/4439/partida/302748,https://prod-demo-parser-gc-demos.s3.amazonaws.com/675315_de_vertigo_ninenine_kg-academy.zip
https://gamersclub.com.br/campeonatos/csgo/4439,https://gamersclub.com.br/campeonatos/csgo/4439/partida/302749,https://prod-demo-parser-gc-demos.s3.amazonaws.com/679210_de_overpass_furia-academy_polux-e-sports.zip
https://gamersclub.com.br/campeonatos/csgo/4439,https://gamersclub.com.br/campeonatos/csgo/4439/partida/302752,https://prod-demo-parser-gc-demos.s3.amazonaws.com/676528_de_inferno_furia-academy_kg-academy.zip
https://gamersclub.com.br/campeonatos/csgo/4439,https://gamersclub.com.br/campeonatos/csgo/4439/partida/302754,https://prod-demo-parser-gc-demos.s3.amazonaws.com/680917_de_vertigo_polux-e-sports_havan-liberty-academy.zip
https://gamersclub.com.br/campeonatos/csgo/4439,https://gamersclub.com.br/campeonatos/csgo/4439/partida/302755,https://prod-demo-parser-gc-demos.s3.amazonaws.com/679652_de_nuke_polux-e-sports_kg-academy.zip
https://gamersclub.com.br/campeonatos/csgo/4439,https://gamersclub.com.br/campeonatos/csgo/4439/partida/302758,https://prod-demo-parser-gc-demos.s3.amazonaws.com/673310_de_mirage_havan-liberty-academy_kg-academy.zip
https://gamersclub.com.br/campeonatos/csgo/4439,https://gamersclub.com.br/campeonatos/csgo/4439/partida/302759,https://prod-demo-parser-gc-demos.s3.amazonaws.com/677451_de_train_9z-academy_paqueta-gaming.zip
https://gamersclub.com.br/campeonatos/csgo/4439,https://gamersclub.com.br/campeonatos/csgo/4439/partida/302760,https://prod-demo-parser-gc-demos.s3.amazonaws.com/675372_de_mirage_9z-academy_meta-paraguay.zip
https://gamersclub.com.br/campeonatos/csgo/4439,https://gamersclub.com.br/campeonatos/csgo/4439/partida/302761,https://prod-demo-parser-gc-demos.s3.amazonaws.com/674829_de_train_9z-academy_bdecho.zip
https://gamersclub.com.br/campeonatos/csgo/4439,https://gamersclub.com.br/campeonatos/csgo/4439/partida/302762,https://prod-demo-parser-gc-demos.s3.amazonaws.com/667965_de_inferno_9z-academy_rush-youngsters.zip
https://gamersclub.com.br/campeonatos/csgo/4439,https://gamersclub.com.br/campeonatos/csgo/4439/partida/302763,https://prod-demo-parser-gc-demos.s3.amazonaws.com/679396_de_dust2_9z-academy_furnace-esports.zip
https://gamersclub.com.br/campeonatos/csgo/4439,https://gamersclub.com.br/campeonatos/csgo/4439/partida/302764,https://prod-demo-parser-gc-demos.s3.amazonaws.com/675744_de_mirage_paqueta-gaming_meta-paraguay.zip
https://gamersclub.com.br/campeonatos/csgo/4439,https://gamersclub.com.br/campeonatos/csgo/4439/partida/302766,https://prod-demo-parser-gc-demos.s3.amazonaws.com/676641_de_train_paqueta-gaming_rush-youngsters.zip
https://gamersclub.com.br/campeonatos/csgo/4439,https://gamersclub.com.br/campeonatos/csgo/4439/partida/302768,https://prod-demo-parser-gc-demos.s3.amazonaws.com/676524_de_inferno_meta-paraguay_bdecho.zip
https://gamersclub.com.br/campeonatos/csgo/4439,https://gamersclub.com.br/campeonatos/csgo/4439/partida/302769,https://prod-demo-parser-gc-demos.s3.amazonaws.com/679709_de_dust2_meta-paraguay_rush-youngsters.zip
https://gamersclub.com.br/campeonatos/csgo/4439,https://gamersclub.com.br/campeonatos/csgo/4439/partida/302771,https://prod-demo-parser-gc-demos.s3.amazonaws.com/679026_de_inferno_bdecho_rush-youngsters.zip
https://gamersclub.com.br/campeonatos/csgo/4439,https://gamersclub.com.br/campeonatos/csgo/4439/partida/302772,https://prod-demo-parser-gc-demos.s3.amazonaws.com/676993_de_train_bdecho_furnace-esports.zip
https://gamersclub.com.br/campeonatos/csgo/4439,https://gamersclub.com.br/campeonatos/csgo/4439/partida/302773,https://prod-demo-parser-gc-demos.s3.amazonaws.com/677490_de_inferno_rush-youngsters_furnace-esports.zip
https://gamersclub.com.br/campeonatos/csgo/4439,https://gamersclub.com.br/campeonatos/csgo/4439/partida/302774,https://prod-demo-parser-gc-demos.s3.amazonaws.com/679125_de_overpass_river-plate-gaming_urubuzada-e-sports.zip
https://gamersclub.com.br/campeonatos/csgo/4439,https://gamersclub.com.br/campeonatos/csgo/4439/partida/302775,https://prod-demo-parser-gc-demos.s3.amazonaws.com/679394_de_overpass_river-plate-gaming_elevate-gg.zip
https://gamersclub.com.br/campeonatos/csgo/4439,https://gamersclub.com.br/campeonatos/csgo/4439/partida/302776,https://prod-demo-parser-gc-demos.s3.amazonaws.com/676719_de_nuke_river-plate-gaming_we-are-one.zip
https://gamersclub.com.br/campeonatos/csgo/4439,https://gamersclub.com.br/campeonatos/csgo/4439/partida/302777,https://prod-demo-parser-gc-demos.s3.amazonaws.com/676969_de_nuke_river-plate-gaming_brasa-gaming.zip
https://gamersclub.com.br/campeonatos/csgo/4439,https://gamersclub.com.br/campeonatos/csgo/4439/partida/302778,https://prod-demo-parser-gc-demos.s3.amazonaws.com/675241_de_mirage_river-plate-gaming_team-brave-soldiers.zip
https://gamersclub.com.br/campeonatos/csgo/4439,https://gamersclub.com.br/campeonatos/csgo/4439/partida/302779,https://prod-demo-parser-gc-demos.s3.amazonaws.com/674678_de_vertigo_urubuzada-e-sports_elevate-gg.zip
https://gamersclub.com.br/campeonatos/csgo/4439,https://gamersclub.com.br/campeonatos/csgo/4439/partida/302780,https://prod-demo-parser-gc-demos.s3.amazonaws.com/677196_de_dust2_urubuzada-e-sports_we-are-one.zip
https://gamersclub.com.br/campeonatos/csgo/4439,https://gamersclub.com.br/campeonatos/csgo/4439/partida/302781,https://prod-demo-parser-gc-demos.s3.amazonaws.com/679543_de_dust2_urubuzada-e-sports_brasa-gaming.zip
https://gamersclub.com.br/campeonatos/csgo/4439,https://gamersclub.com.br/campeonatos/csgo/4439/partida/302782,https://prod-demo-parser-gc-demos.s3.amazonaws.com/674949_de_overpass_urubuzada-e-sports_team-brave-soldiers.zip
https://gamersclub.com.br/campeonatos/csgo/4439,https://gamersclub.com.br/campeonatos/csgo/4439/partida/302784,https://prod-demo-parser-gc-demos.s3.amazonaws.com/676670_de_overpass_elevate-gg_brasa-gaming.zip
https://gamersclub.com.br/campeonatos/csgo/4439,https://gamersclub.com.br/campeonatos/csgo/4439/partida/302785,https://prod-demo-parser-gc-demos.s3.amazonaws.com/677026_de_mirage_elevate-gg_team-brave-soldiers.zip
https://gamersclub.com.br/campeonatos/csgo/4439,https://gamersclub.com.br/campeonatos/csgo/4439/partida/302786,https://prod-demo-parser-gc-demos.s3.amazonaws.com/679172_de_nuke_we-are-one_brasa-gaming.zip
https://gamersclub.com.br/campeonatos/csgo/4439,https://gamersclub.com.br/campeonatos/csgo/4439/partida/302787,https://prod-demo-parser-gc-demos.s3.amazonaws.com/679648_de_dust2_we-are-one_team-brave-soldiers.zip
https://gamersclub.com.br/campeonatos/csgo/4439,https://gamersclub.com.br/campeonatos/csgo/4439/partida/302788,https://prod-demo-parser-gc-demos.s3.amazonaws.com/677352_de_dust2_brasa-gaming_team-brave-soldiers.zip
https://gamersclub.com.br/campeonatos/csgo/4439,https://gamersclub.com.br/campeonatos/csgo/4439/partida/302789,https://prod-demo-parser-gc-demos.s3.amazonaws.com/681107_de_train_mariners-sports_blast.zip
https://gamersclub.com.br/campeonatos/csgo/4439,https://gamersclub.com.br/campeonatos/csgo/4439/partida/302790,https://prod-demo-parser-gc-demos.s3.amazonaws.com/676665_de_dust2_mariners-sports_stone-movistar.zip
https://gamersclub.com.br/campeonatos/csgo/4439,https://gamersclub.com.br/campeonatos/csgo/4439/partida/302791,https://prod-demo-parser-gc-demos.s3.amazonaws.com/674676_de_nuke_mariners-sports_jackboy-no-org.zip
https://gamersclub.com.br/campeonatos/csgo/4439,https://gamersclub.com.br/campeonatos/csgo/4439/partida/302792,https://prod-demo-parser-gc-demos.s3.amazonaws.com/675189_de_dust2_mariners-sports_vivokeyd-academy.zip
https://gamersclub.com.br/campeonatos/csgo/4439,https://gamersclub.com.br/campeonatos/csgo/4439/partida/302793,https://prod-demo-parser-gc-demos.s3.amazonaws.com/677261_de_nuke_mariners-sports_the-lions-team.zip
https://gamersclub.com.br/campeonatos/csgo/4439,https://gamersclub.com.br/campeonatos/csgo/4439/partida/302794,https://prod-demo-parser-gc-demos.s3.amazonaws.com/680918_de_vertigo_blast_stone-movistar.zip
https://gamersclub.com.br/campeonatos/csgo/4439,https://gamersclub.com.br/campeonatos/csgo/4439/partida/302796,https://prod-demo-parser-gc-demos.s3.amazonaws.com/675774_de_dust2_blast_vivokeyd-academy.zip
https://gamersclub.com.br/campeonatos/csgo/4439,https://gamersclub.com.br/campeonatos/csgo/4439/partida/302797,https://prod-demo-parser-gc-demos.s3.amazonaws.com/674657_de_nuke_blast_the-lions-team.zip
https://gamersclub.com.br/campeonatos/csgo/4439,https://gamersclub.com.br/campeonatos/csgo/4439/partida/302798,https://prod-demo-parser-gc-demos.s3.amazonaws.com/679434_de_inferno_stone-movistar_jackboy-no-org.zip
https://gamersclub.com.br/campeonatos/csgo/4439,https://gamersclub.com.br/campeonatos/csgo/4439/partida/302799,https://prod-demo-parser-gc-demos.s3.amazonaws.com/674669_de_dust2_stone-movistar_vivokeyd-academy.zip
https://gamersclub.com.br/campeonatos/csgo/4439,https://gamersclub.com.br/campeonatos/csgo/4439/partida/302800,https://prod-demo-parser-gc-demos.s3.amazonaws.com/678922_de_overpass_stone-movistar_the-lions-team.zip
https://gamersclub.com.br/campeonatos/csgo/4439,https://gamersclub.com.br/campeonatos/csgo/4439/partida/302801,https://prod-demo-parser-gc-demos.s3.amazonaws.com/676789_de_inferno_jackboy-no-org_vivokeyd-academy.zip
https://gamersclub.com.br/campeonatos/csgo/4439,https://gamersclub.com.br/campeonatos/csgo/4439/partida/302802,https://prod-demo-parser-gc-demos.s3.amazonaws.com/675019_de_overpass_jackboy-no-org_the-lions-team.zip
https://gamersclub.com.br/campeonatos/csgo/4439,https://gamersclub.com.br/campeonatos/csgo/4439/partida/302803,https://prod-demo-parser-gc-demos.s3.amazonaws.com/679162_de_inferno_vivokeyd-academy_the-lions-team.zip
https://gamersclub.com.br/campeonatos/csgo/4439,https://gamersclub.com.br/campeonatos/csgo/4439/partida/302804,https://prod-demo-parser-gc-demos.s3.amazonaws.com/679188_de_nuke_bears-esports_redragon.zip
https://gamersclub.com.br/campeonatos/csgo/4439,https://gamersclub.com.br/campeonatos/csgo/4439/partida/302805,https://prod-demo-parser-gc-demos.s3.amazonaws.com/674810_de_vertigo_bears-esports_rehl-esports.zip
https://gamersclub.com.br/campeonatos/csgo/4439,https://gamersclub.com.br/campeonatos/csgo/4439/partida/302806,https://prod-demo-parser-gc-demos.s3.amazonaws.com/675283_de_vertigo_bears-esports_beneath-gaming.zip
https://gamersclub.com.br/campeonatos/csgo/4439,https://gamersclub.com.br/campeonatos/csgo/4439/partida/302808,https://prod-demo-parser-gc-demos.s3.amazonaws.com/675646_de_nuke_bears-esports_furious-gaming.zip
https://gamersclub.com.br/campeonatos/csgo/4439,https://gamersclub.com.br/campeonatos/csgo/4439/partida/302809,https://prod-demo-parser-gc-demos.s3.amazonaws.com/676805_de_overpass_redragon_rehl-esports.zip
https://gamersclub.com.br/campeonatos/csgo/4439,https://gamersclub.com.br/campeonatos/csgo/4439/partida/302810,https://prod-demo-parser-gc-demos.s3.amazonaws.com/677237_de_train_redragon_beneath-gaming.zip
https://gamersclub.com.br/campeonatos/csgo/4439,https://gamersclub.com.br/campeonatos/csgo/4439/partida/302811,https://prod-demo-parser-gc-demos.s3.amazonaws.com/679669_de_dust2_redragon_stars-horizon.zip
https://gamersclub.com.br/campeonatos/csgo/4439,https://gamersclub.com.br/campeonatos/csgo/4439/partida/302812,https://prod-demo-parser-gc-demos.s3.amazonaws.com/676536_de_overpass_redragon_furious-gaming.zip
https://gamersclub.com.br/campeonatos/csgo/4439,https://gamersclub.com.br/campeonatos/csgo/4439/partida/302813,https://prod-demo-parser-gc-demos.s3.amazonaws.com/679691_de_vertigo_rehl-esports_beneath-gaming.zip
https://gamersclub.com.br/campeonatos/csgo/4439,https://gamersclub.com.br/campeonatos/csgo/4439/partida/302814,https://prod-demo-parser-gc-demos.s3.amazonaws.com/679194_de_inferno_rehl-esports_stars-horizon.zip
https://gamersclub.com.br/campeonatos/csgo/4439,https://gamersclub.com.br/campeonatos/csgo/4439/partida/302815,https://prod-demo-parser-gc-demos.s3.amazonaws.com/680906_de_vertigo_rehl-esports_furious-gaming.zip
https://gamersclub.com.br/campeonatos/csgo/4439,https://gamersclub.com.br/campeonatos/csgo/4439/partida/302816,https://prod-demo-parser-gc-demos.s3.amazonaws.com/676672_de_inferno_beneath-gaming_stars-horizon.zip
https://gamersclub.com.br/campeonatos/csgo/4439,https://gamersclub.com.br/campeonatos/csgo/4439/partida/302817,https://prod-demo-parser-gc-demos.s3.amazonaws.com/674670_de_vertigo_beneath-gaming_furious-gaming.zip
https://gamersclub.com.br/campeonatos/csgo/4439,https://gamersclub.com.br/campeonatos/csgo/4439/partida/302818,https://prod-demo-parser-gc-demos.s3.amazonaws.com/677010_de_nuke_stars-horizon_furious-gaming.zip
https://gamersclub.com.br/campeonatos/csgo/4439,https://gamersclub.com.br/campeonatos/csgo/4439/partida/302967,https://prod-demo-parser-gc-demos.s3.amazonaws.com/677238_de_vertigo_polux-e-sports_intz.zip
https://gamersclub.com.br/campeonatos/csgo/4439,https://gamersclub.com.br/campeonatos/csgo/4439/partida/302968,https://prod-demo-parser-gc-demos.s3.amazonaws.com/679157_de_inferno_ninenine_intz.zip
https://gamersclub.com.br/campeonatos/csgo/4439,https://gamersclub.com.br/campeonatos/csgo/4439/partida/302969,https://prod-demo-parser-gc-demos.s3.amazonaws.com/674838_de_inferno_kg-academy_intz.zip
https://gamersclub.com.br/campeonatos/csgo/4439,https://gamersclub.com.br/campeonatos/csgo/4439/partida/302970,https://prod-demo-parser-gc-demos.s3.amazonaws.com/676792_de_dust2_intz_havan-liberty-academy.zip
https://gamersclub.com.br/campeonatos/csgo/4439,https://gamersclub.com.br/campeonatos/csgo/4439/partida/302971,https://prod-demo-parser-gc-demos.s3.amazonaws.com/679636_de_train_intz_furia-academy.zip
https://gamersclub.com.br/campeonatos/csgo/4439,https://gamersclub.com.br/campeonatos/csgo/4439/partida/303853,https://prod-demo-parser-gc-demos.s3.amazonaws.com/681060_de_inferno_workhard-esports_nexus-esports.zip
https://gamersclub.com.br/campeonatos/csgo/4439,https://gamersclub.com.br/campeonatos/csgo/4439/partida/303855,https://prod-demo-parser-gc-demos.s3.amazonaws.com/680875_de_nuke_nexus-esports_hawks.zip
https://gamersclub.com.br/campeonatos/csgo/4439,https://gamersclub.com.br/campeonatos/csgo/4439/partida/303857,https://prod-demo-parser-gc-demos.s3.amazonaws.com/679168_de_dust2_nexus-esports_cooldown-esports.zip
https://gamersclub.com.br/campeonatos/csgo/4439,https://gamersclub.com.br/campeonatos/csgo/4439/partida/308608,https://prod-demo-parser-gc-demos.s3.amazonaws.com/683252_de_mirage_ceara-sporting-club_bears-esports.zip
https://gamersclub.com.br/campeonatos/csgo/4439,https://gamersclub.com.br/campeonatos/csgo/4439/partida/308609,https://prod-demo-parser-gc-demos.s3.amazonaws.com/683223_de_vertigo_bravos-gaming_vivokeyd-academy.zip
https://gamersclub.com.br/campeonatos/csgo/4439,https://gamersclub.com.br/campeonatos/csgo/4439/partida/308610,https://prod-demo-parser-gc-demos.s3.amazonaws.com/683254_de_vertigo_nexus-esports_elevate-gg.zip
https://gamersclub.com.br/campeonatos/csgo/4439,https://gamersclub.com.br/campeonatos/csgo/4439/partida/308612,https://prod-demo-parser-gc-demos.s3.amazonaws.com/683215_de_train_paqueta-gaming_ninenine.zip
https://gamersclub.com.br/campeonatos/csgo/4439,https://gamersclub.com.br/campeonatos/csgo/4439/partida/308613,https://prod-demo-parser-gc-demos.s3.amazonaws.com/683205_de_nuke_river-plate-gaming_noorg-ex-ludens.zip
https://gamersclub.com.br/campeonatos/csgo/4439,https://gamersclub.com.br/campeonatos/csgo/4439/partida/308614,https://prod-demo-parser-gc-demos.s3.amazonaws.com/683239_de_mirage_jackboy-no-org_r3action.zip
https://gamersclub.com.br/campeonatos/csgo/4439,https://gamersclub.com.br/campeonatos/csgo/4439/partida/308615,https://prod-demo-parser-gc-demos.s3.amazonaws.com/683226_de_nuke_stars-horizon_detona.zip
https://gamersclub.com.br/campeonatos/csgo/4439,https://gamersclub.com.br/campeonatos/csgo/4439/partida/308715,https://prod-demo-parser-gc-demos.s3.amazonaws.com/683330_de_vertigo_elevate-gg_havan-liberty-academy.zip
https://gamersclub.com.br/campeonatos/csgo/4439,https://gamersclub.com.br/campeonatos/csgo/4439/partida/308718,https://prod-demo-parser-gc-demos.s3.amazonaws.com/683337_de_inferno_r3action_detona.zip
https://gamersclub.com.br/campeonatos/csgo/4439,https://gamersclub.com.br/campeonatos/csgo/4439/partida/308719,https://prod-demo-parser-gc-demos.s3.amazonaws.com/683356_de_inferno_jackboy-no-org_stars-horizon.zip
https://gamersclub.com.br/campeonatos/csgo/4439,https://gamersclub.com.br/campeonatos/csgo/4439/partida/308720,https://prod-demo-parser-gc-demos.s3.amazonaws.com/683366_de_dust2_bears-esports_bravos-gaming.zip
https://gamersclub.com.br/campeonatos/csgo/4439,https://gamersclub.com.br/campeonatos/csgo/4439/partida/308721,https://prod-demo-parser-gc-demos.s3.amazonaws.com/683345_de_train_ceara-sporting-club_vivokeyd-academy.zip
https://gamersclub.com.br/campeonatos/csgo/4439,https://gamersclub.com.br/campeonatos/csgo/4439/partida/308722,https://prod-demo-parser-gc-demos.s3.amazonaws.com/683339_de_nuke_paqueta-gaming_river-plate-gaming.zip
https://gamersclub.com.br/campeonatos/csgo/4439,https://gamersclub.com.br/campeonatos/csgo/4439/partida/308723,https://prod-demo-parser-gc-demos.s3.amazonaws.com/683340_de_inferno_ninenine_noorg-ex-ludens.zip
https://gamersclub.com.br/campeonatos/csgo/4439,https://gamersclub.com.br/campeonatos/csgo/4439/partida/308756,https://prod-demo-parser-gc-demos.s3.amazonaws.com/683456_de_nuke_nexus-esports_river-plate-gaming.zip
https://gamersclub.com.br/campeonatos/csgo/4439,https://gamersclub.com.br/campeonatos/csgo/4439/partida/308757,https://prod-demo-parser-gc-demos.s3.amazonaws.com/683458_de_overpass_noorg-ex-ludens_elevate-gg.zip
https://gamersclub.com.br/campeonatos/csgo/4439,https://gamersclub.com.br/campeonatos/csgo/4439/partida/308760,https://prod-demo-parser-gc-demos.s3.amazonaws.com/683464_de_nuke_stars-horizon_bears-esports.zip
https://gamersclub.com.br/campeonatos/csgo/4439,https://gamersclub.com.br/campeonatos/csgo/4439/partida/308762,https://prod-demo-parser-gc-demos.s3.amazonaws.com/683484_de_inferno_ceara-sporting-club_r3action.zip
https://gamersclub.com.br/campeonatos/csgo/4439,https://gamersclub.com.br/campeonatos/csgo/4439/partida/308778,https://prod-demo-parser-gc-demos.s3.amazonaws.com/683560_de_inferno_havan-liberty-academy_detona.zip
https://gamersclub.com.br/campeonatos/csgo/4439,https://gamersclub.com.br/campeonatos/csgo/4439/partida/308779,https://prod-demo-parser-gc-demos.s3.amazonaws.com/683596_de_dust2_noorg-ex-ludens_bears-esports.zip
https://gamersclub.com.br/campeonatos/csgo/4439,https://gamersclub.com.br/campeonatos/csgo/4439/partida/308782,https://prod-demo-parser-gc-demos.s3.amazonaws.com/683638_de_dust2_ceara-sporting-club_river-plate-gaming.zip
https://gamersclub.com.br/campeonatos/csgo/4439,https://gamersclub.com.br/campeonatos/csgo/4439/partida/308789,https://prod-demo-parser-gc-demos.s3.amazonaws.com/683778_de_mirage_bears-esports_paqueta-gaming.zip
https://gamersclub.com.br/campeonatos/csgo/4439,https://gamersclub.com.br/campeonatos/csgo/4439/partida/308790,https://prod-demo-parser-gc-demos.s3.amazonaws.com/683807_de_nuke_river-plate-gaming_bravos-gaming.zip
https://gamersclub.com.br/campeonatos/csgo/4439,https://gamersclub.com.br/campeonatos/csgo/4439/partida/308829,https://prod-demo-parser-gc-demos.s3.amazonaws.com/684782_de_vertigo_paqueta-gaming_detona.zip
https://gamersclub.com.br/campeonatos/csgo/4439,https://gamersclub.com.br/campeonatos/csgo/4439/partida/308829,https://prod-demo-parser-gc-demos.s3.amazonaws.com/684887_de_nuke_paqueta-gaming_detona.zip
https://gamersclub.com.br/campeonatos/csgo/4442,https://gamersclub.com.br/campeonatos/csgo/4442/partida/303166,https://prod-demo-parser-gc-demos.s3.amazonaws.com/676983_de_vertigo_sans-organisation_noname.zip
https://gamersclub.com.br/campeonatos/csgo/4442,https://gamersclub.com.br/campeonatos/csgo/4442/partida/303167,https://prod-demo-parser-gc-demos.s3.amazonaws.com/680888_de_vertigo_sans-organisation_ufscar-fire.zip
https://gamersclub.com.br/campeonatos/csgo/4442,https://gamersclub.com.br/campeonatos/csgo/4442/partida/303168,https://prod-demo-parser-gc-demos.s3.amazonaws.com/675057_de_inferno_sans-organisation_wap-esports.zip
https://gamersclub.com.br/campeonatos/csgo/4442,https://gamersclub.com.br/campeonatos/csgo/4442/partida/303169,https://prod-demo-parser-gc-demos.s3.amazonaws.com/679431_de_overpass_sans-organisation_esporte-clube-bahia.zip
https://gamersclub.com.br/campeonatos/csgo/4442,https://gamersclub.com.br/campeonatos/csgo/4442/partida/303170,https://prod-demo-parser-gc-demos.s3.amazonaws.com/675506_de_vertigo_sans-organisation_miyagi-do.zip
https://gamersclub.com.br/campeonatos/csgo/4442,https://gamersclub.com.br/campeonatos/csgo/4442/partida/303172,https://prod-demo-parser-gc-demos.s3.amazonaws.com/680922_de_dust2_noname_ufscar-fire.zip
https://gamersclub.com.br/campeonatos/csgo/4442,https://gamersclub.com.br/campeonatos/csgo/4442/partida/303173,https://prod-demo-parser-gc-demos.s3.amazonaws.com/676666_de_nuke_noname_wap-esports.zip
https://gamersclub.com.br/campeonatos/csgo/4442,https://gamersclub.com.br/campeonatos/csgo/4442/partida/303174,https://prod-demo-parser-gc-demos.s3.amazonaws.com/675078_de_dust2_noname_golden-vulpes.zip
https://gamersclub.com.br/campeonatos/csgo/4442,https://gamersclub.com.br/campeonatos/csgo/4442/partida/303175,https://prod-demo-parser-gc-demos.s3.amazonaws.com/679341_de_nuke_noname_miyagi-do.zip
https://gamersclub.com.br/campeonatos/csgo/4442,https://gamersclub.com.br/campeonatos/csgo/4442/partida/303177,https://prod-demo-parser-gc-demos.s3.amazonaws.com/673166_de_inferno_ufscar-fire_wap-esports.zip
https://gamersclub.com.br/campeonatos/csgo/4442,https://gamersclub.com.br/campeonatos/csgo/4442/partida/303178,https://prod-demo-parser-gc-demos.s3.amazonaws.com/679936_de_overpass_ufscar-fire_esporte-clube-bahia.zip
https://gamersclub.com.br/campeonatos/csgo/4442,https://gamersclub.com.br/campeonatos/csgo/4442/partida/303179,https://prod-demo-parser-gc-demos.s3.amazonaws.com/673607_de_vertigo_ufscar-fire_insony-e-sports.zip
https://gamersclub.com.br/campeonatos/csgo/4442,https://gamersclub.com.br/campeonatos/csgo/4442/partida/303181,https://prod-demo-parser-gc-demos.s3.amazonaws.com/679052_de_inferno_wap-esports_esporte-clube-bahia.zip
https://gamersclub.com.br/campeonatos/csgo/4442,https://gamersclub.com.br/campeonatos/csgo/4442/partida/303182,https://prod-demo-parser-gc-demos.s3.amazonaws.com/670178_de_vertigo_wap-esports_insony-e-sports.zip
https://gamersclub.com.br/campeonatos/csgo/4442,https://gamersclub.com.br/campeonatos/csgo/4442/partida/303184,https://prod-demo-parser-gc-demos.s3.amazonaws.com/677524_de_mirage_golden-vulpes_miyagi-do.zip
https://gamersclub.com.br/campeonatos/csgo/4442,https://gamersclub.com.br/campeonatos/csgo/4442/partida/303188,https://prod-demo-parser-gc-demos.s3.amazonaws.com/670020_de_inferno_ciam-gaming_stream-team.zip
https://gamersclub.com.br/campeonatos/csgo/4442,https://gamersclub.com.br/campeonatos/csgo/4442/partida/303191,https://prod-demo-parser-gc-demos.s3.amazonaws.com/679182_de_mirage_ciam-gaming_red-skull-esports.zip
https://gamersclub.com.br/campeonatos/csgo/4442,https://gamersclub.com.br/campeonatos/csgo/4442/partida/303192,https://prod-demo-parser-gc-demos.s3.amazonaws.com/680040_de_inferno_ciam-gaming_seven.zip
https://gamersclub.com.br/campeonatos/csgo/4442,https://gamersclub.com.br/campeonatos/csgo/4442/partida/303193,https://prod-demo-parser-gc-demos.s3.amazonaws.com/674732_de_dust2_ex0d14_stream-team.zip
https://gamersclub.com.br/campeonatos/csgo/4442,https://gamersclub.com.br/campeonatos/csgo/4442/partida/303196,https://prod-demo-parser-gc-demos.s3.amazonaws.com/675169_de_dust2_ex0d14_red-skull-esports.zip
https://gamersclub.com.br/campeonatos/csgo/4442,https://gamersclub.com.br/campeonatos/csgo/4442/partida/303200,https://prod-demo-parser-gc-demos.s3.amazonaws.com/676647_de_dust2_stream-team_red-skull-esports.zip
https://gamersclub.com.br/campeonatos/csgo/4442,https://gamersclub.com.br/campeonatos/csgo/4442/partida/303201,https://prod-demo-parser-gc-demos.s3.amazonaws.com/673764_de_mirage_stream-team_seven.zip
https://gamersclub.com.br/campeonatos/csgo/4442,https://gamersclub.com.br/campeonatos/csgo/4442/partida/303207,https://prod-demo-parser-gc-demos.s3.amazonaws.com/673472_de_mirage_red-skull-esports_seven.zip
https://gamersclub.com.br/campeonatos/csgo/4442,https://gamersclub.com.br/campeonatos/csgo/4442/partida/303208,https://prod-demo-parser-gc-demos.s3.amazonaws.com/679560_de_mirage_groupie_alo-ambev.zip
https://gamersclub.com.br/campeonatos/csgo/4442,https://gamersclub.com.br/campeonatos/csgo/4442/partida/303209,https://prod-demo-parser-gc-demos.s3.amazonaws.com/676802_de_vertigo_groupie_7belo.zip
https://gamersclub.com.br/campeonatos/csgo/4442,https://gamersclub.com.br/campeonatos/csgo/4442/partida/303210,https://prod-demo-parser-gc-demos.s3.amazonaws.com/675440_de_mirage_groupie_peguei-sua-irma.zip
https://gamersclub.com.br/campeonatos/csgo/4442,https://gamersclub.com.br/campeonatos/csgo/4442/partida/303211,https://prod-demo-parser-gc-demos.s3.amazonaws.com/679962_de_dust2_groupie_spacestre.zip
https://gamersclub.com.br/campeonatos/csgo/4442,https://gamersclub.com.br/campeonatos/csgo/4442/partida/303212,https://prod-demo-parser-gc-demos.s3.amazonaws.com/677220_de_vertigo_groupie_bittersod-emerald.zip
https://gamersclub.com.br/campeonatos/csgo/4442,https://gamersclub.com.br/campeonatos/csgo/4442/partida/303213,https://prod-demo-parser-gc-demos.s3.amazonaws.com/677816_de_vertigo_groupie_yakuza.zip
https://gamersclub.com.br/campeonatos/csgo/4442,https://gamersclub.com.br/campeonatos/csgo/4442/partida/303214,https://prod-demo-parser-gc-demos.s3.amazonaws.com/675252_de_mirage_alo-ambev_7belo.zip
https://gamersclub.com.br/campeonatos/csgo/4442,https://gamersclub.com.br/campeonatos/csgo/4442/partida/303215,https://prod-demo-parser-gc-demos.s3.amazonaws.com/677098_de_mirage_alo-ambev_peguei-sua-irma.zip
https://gamersclub.com.br/campeonatos/csgo/4442,https://gamersclub.com.br/campeonatos/csgo/4442/partida/303216,https://prod-demo-parser-gc-demos.s3.amazonaws.com/677470_de_mirage_alo-ambev_spacestre.zip
https://gamersclub.com.br/campeonatos/csgo/4442,https://gamersclub.com.br/campeonatos/csgo/4442/partida/303217,https://prod-demo-parser-gc-demos.s3.amazonaws.com/675642_de_dust2_alo-ambev_bittersod-emerald.zip
https://gamersclub.com.br/campeonatos/csgo/4442,https://gamersclub.com.br/campeonatos/csgo/4442/partida/303218,https://prod-demo-parser-gc-demos.s3.amazonaws.com/679878_de_nuke_alo-ambev_yakuza.zip
https://gamersclub.com.br/campeonatos/csgo/4442,https://gamersclub.com.br/campeonatos/csgo/4442/partida/303219,https://prod-demo-parser-gc-demos.s3.amazonaws.com/670140_de_vertigo_7belo-vertigo_peguei-sua-irma.zip
https://gamersclub.com.br/campeonatos/csgo/4442,https://gamersclub.com.br/campeonatos/csgo/4442/partida/303220,https://prod-demo-parser-gc-demos.s3.amazonaws.com/673666_de_mirage_7belo_spacestre.zip
https://gamersclub.com.br/campeonatos/csgo/4442,https://gamersclub.com.br/campeonatos/csgo/4442/partida/303221,https://prod-demo-parser-gc-demos.s3.amazonaws.com/679717_de_overpass_7belo_bittersod-emerald.zip
https://gamersclub.com.br/campeonatos/csgo/4442,https://gamersclub.com.br/campeonatos/csgo/4442/partida/303222,https://prod-demo-parser-gc-demos.s3.amazonaws.com/677222_de_vertigo_7belo_yakuza.zip
https://gamersclub.com.br/campeonatos/csgo/4442,https://gamersclub.com.br/campeonatos/csgo/4442/partida/303223,https://prod-demo-parser-gc-demos.s3.amazonaws.com/673323_de_mirage_peguei-sua-irma_spacestre.zip
https://gamersclub.com.br/campeonatos/csgo/4442,https://gamersclub.com.br/campeonatos/csgo/4442/partida/303224,https://prod-demo-parser-gc-demos.s3.amazonaws.com/674797_de_dust2_peguei-sua-irma_bittersod-emerald.zip
https://gamersclub.com.br/campeonatos/csgo/4442,https://gamersclub.com.br/campeonatos/csgo/4442/partida/303226,https://prod-demo-parser-gc-demos.s3.amazonaws.com/676651_de_dust2_spacestre_bittersod-emerald.zip
https://gamersclub.com.br/campeonatos/csgo/4442,https://gamersclub.com.br/campeonatos/csgo/4442/partida/303227,https://prod-demo-parser-gc-demos.s3.amazonaws.com/675426_de_nuke_spacestre_yakuza.zip
https://gamersclub.com.br/campeonatos/csgo/4442,https://gamersclub.com.br/campeonatos/csgo/4442/partida/303228,https://prod-demo-parser-gc-demos.s3.amazonaws.com/679019_de_overpass_bittersod-emerald_yakuza.zip
https://gamersclub.com.br/campeonatos/csgo/4442,https://gamersclub.com.br/campeonatos/csgo/4442/partida/303229,https://prod-demo-parser-gc-demos.s3.amazonaws.com/675064_de_mirage_nukegg_cuiaba-prank.zip
https://gamersclub.com.br/campeonatos/csgo/4442,https://gamersclub.com.br/campeonatos/csgo/4442/partida/303230,https://prod-demo-parser-gc-demos.s3.amazonaws.com/679547_de_dust2_nukegg_desempleados.zip
https://gamersclub.com.br/campeonatos/csgo/4442,https://gamersclub.com.br/campeonatos/csgo/4442/partida/303231,https://prod-demo-parser-gc-demos.s3.amazonaws.com/675538_de_inferno_nukegg_mastermind.zip
https://gamersclub.com.br/campeonatos/csgo/4442,https://gamersclub.com.br/campeonatos/csgo/4442/partida/303232,https://prod-demo-parser-gc-demos.s3.amazonaws.com/673468_de_inferno_nukegg_naotemorg.zip
https://gamersclub.com.br/campeonatos/csgo/4442,https://gamersclub.com.br/campeonatos/csgo/4442/partida/303234,https://prod-demo-parser-gc-demos.s3.amazonaws.com/674757_de_overpass_nukegg_tactical-killer.zip
https://gamersclub.com.br/campeonatos/csgo/4442,https://gamersclub.com.br/campeonatos/csgo/4442/partida/303235,https://prod-demo-parser-gc-demos.s3.amazonaws.com/677528_de_nuke_cuiaba-prank_desempleados.zip
https://gamersclub.com.br/campeonatos/csgo/4442,https://gamersclub.com.br/campeonatos/csgo/4442/partida/303236,https://prod-demo-parser-gc-demos.s3.amazonaws.com/679533_de_nuke_cuiaba-prank_mastermind.zip
https://gamersclub.com.br/campeonatos/csgo/4442,https://gamersclub.com.br/campeonatos/csgo/4442/partida/303238,https://prod-demo-parser-gc-demos.s3.amazonaws.com/679204_de_vertigo_cuiaba-prank_eqole.zip
https://gamersclub.com.br/campeonatos/csgo/4442,https://gamersclub.com.br/campeonatos/csgo/4442/partida/303239,https://prod-demo-parser-gc-demos.s3.amazonaws.com/675414_de_nuke_cuiaba-prank_tactical-killer.zip
https://gamersclub.com.br/campeonatos/csgo/4442,https://gamersclub.com.br/campeonatos/csgo/4442/partida/303240,https://prod-demo-parser-gc-demos.s3.amazonaws.com/677101_de_nuke_desempleados_mastermind.zip
https://gamersclub.com.br/campeonatos/csgo/4442,https://gamersclub.com.br/campeonatos/csgo/4442/partida/303241,https://prod-demo-parser-gc-demos.s3.amazonaws.com/675161_de_dust2_desempleados_naotemorg.zip
https://gamersclub.com.br/campeonatos/csgo/4442,https://gamersclub.com.br/campeonatos/csgo/4442/partida/303242,https://prod-demo-parser-gc-demos.s3.amazonaws.com/674819_de_vertigo_desempleados_eqole.zip
https://gamersclub.com.br/campeonatos/csgo/4442,https://gamersclub.com.br/campeonatos/csgo/4442/partida/303243,https://prod-demo-parser-gc-demos.s3.amazonaws.com/679144_de_dust2_desempleados_tactical-killer.zip
https://gamersclub.com.br/campeonatos/csgo/4442,https://gamersclub.com.br/campeonatos/csgo/4442/partida/303244,https://prod-demo-parser-gc-demos.s3.amazonaws.com/677554_de_inferno_mastermind_naotemorg.zip
https://gamersclub.com.br/campeonatos/csgo/4442,https://gamersclub.com.br/campeonatos/csgo/4442/partida/303245,https://prod-demo-parser-gc-demos.s3.amazonaws.com/679953_de_dust2_mastermind_eqole.zip
https://gamersclub.com.br/campeonatos/csgo/4442,https://gamersclub.com.br/campeonatos/csgo/4442/partida/303246,https://prod-demo-parser-gc-demos.s3.amazonaws.com/675043_de_vertigo_mastermind_tactical-killer.zip
https://gamersclub.com.br/campeonatos/csgo/4442,https://gamersclub.com.br/campeonatos/csgo/4442/partida/303248,https://prod-demo-parser-gc-demos.s3.amazonaws.com/679715_de_inferno_naotemorg_tactical-killer.zip
https://gamersclub.com.br/campeonatos/csgo/4442,https://gamersclub.com.br/campeonatos/csgo/4442/partida/303249,https://prod-demo-parser-gc-demos.s3.amazonaws.com/679013_de_vertigo_eqole_tactical-killer.zip
https://gamersclub.com.br/campeonatos/csgo/4442,https://gamersclub.com.br/campeonatos/csgo/4442/partida/303250,https://prod-demo-parser-gc-demos.s3.amazonaws.com/677228_de_dust2_real-madrid-2018_aposentados-e-perigosos.zip
https://gamersclub.com.br/campeonatos/csgo/4442,https://gamersclub.com.br/campeonatos/csgo/4442/partida/303251,https://prod-demo-parser-gc-demos.s3.amazonaws.com/675250_de_dust2_real-madrid-2018_nk-e-sports.zip
https://gamersclub.com.br/campeonatos/csgo/4442,https://gamersclub.com.br/campeonatos/csgo/4442/partida/303252,https://prod-demo-parser-gc-demos.s3.amazonaws.com/679347_de_inferno_real-madrid-2018_tropinha-do-zap.zip
https://gamersclub.com.br/campeonatos/csgo/4442,https://gamersclub.com.br/campeonatos/csgo/4442/partida/303255,https://prod-demo-parser-gc-demos.s3.amazonaws.com/674788_de_dust2_real-madrid-2018_langamers-esports.zip
https://gamersclub.com.br/campeonatos/csgo/4442,https://gamersclub.com.br/campeonatos/csgo/4442/partida/303257,https://prod-demo-parser-gc-demos.s3.amazonaws.com/673462_de_nuke_aposentados-e-perigosos_tropinha-do-zap.zip
https://gamersclub.com.br/campeonatos/csgo/4442,https://gamersclub.com.br/campeonatos/csgo/4442/partida/303260,https://prod-demo-parser-gc-demos.s3.amazonaws.com/676898_de_vertigo_aposentados-e-perigosos_langamers-esports.zip
https://gamersclub.com.br/campeonatos/csgo/4442,https://gamersclub.com.br/campeonatos/csgo/4442/partida/303261,https://prod-demo-parser-gc-demos.s3.amazonaws.com/679039_de_mirage_nk-e-sports_tropinha-do-zap.zip
https://gamersclub.com.br/campeonatos/csgo/4442,https://gamersclub.com.br/campeonatos/csgo/4442/partida/303262,https://prod-demo-parser-gc-demos.s3.amazonaws.com/674832_de_dust2_nk-e-sports_wygers-juniors.zip
https://gamersclub.com.br/campeonatos/csgo/4442,https://gamersclub.com.br/campeonatos/csgo/4442/partida/303264,https://prod-demo-parser-gc-demos.s3.amazonaws.com/676658_de_dust2_nk-e-sports_langamers-esports.zip
https://gamersclub.com.br/campeonatos/csgo/4442,https://gamersclub.com.br/campeonatos/csgo/4442/partida/303265,https://prod-demo-parser-gc-demos.s3.amazonaws.com/676519_de_inferno_tropinha-do-zap_wygers-juniors.zip
https://gamersclub.com.br/campeonatos/csgo/4442,https://gamersclub.com.br/campeonatos/csgo/4442/partida/303267,https://prod-demo-parser-gc-demos.s3.amazonaws.com/678760_de_dust2_tropinha-do-zap_langamers-esports.zip
https://gamersclub.com.br/campeonatos/csgo/4442,https://gamersclub.com.br/campeonatos/csgo/4442/partida/303269,https://prod-demo-parser-gc-demos.s3.amazonaws.com/679020_de_dust2_attorrantes_langamers-esports.zip
https://gamersclub.com.br/campeonatos/csgo/4442,https://gamersclub.com.br/campeonatos/csgo/4442/partida/303271,https://prod-demo-parser-gc-demos.s3.amazonaws.com/679196_de_dust2_nike12mola_barcelona.zip
https://gamersclub.com.br/campeonatos/csgo/4442,https://gamersclub.com.br/campeonatos/csgo/4442/partida/303272,https://prod-demo-parser-gc-demos.s3.amazonaws.com/679618_de_dust2_nike12mola_semorg.zip
https://gamersclub.com.br/campeonatos/csgo/4442,https://gamersclub.com.br/campeonatos/csgo/4442/partida/303274,https://prod-demo-parser-gc-demos.s3.amazonaws.com/677839_de_dust2_nike12mola_need-org.zip
https://gamersclub.com.br/campeonatos/csgo/4442,https://gamersclub.com.br/campeonatos/csgo/4442/partida/303275,https://prod-demo-parser-gc-demos.s3.amazonaws.com/677398_de_dust2_nike12mola_galacticos-no-org.zip
https://gamersclub.com.br/campeonatos/csgo/4442,https://gamersclub.com.br/campeonatos/csgo/4442/partida/303276,https://prod-demo-parser-gc-demos.s3.amazonaws.com/677109_de_mirage_nike12mola_broken.zip
https://gamersclub.com.br/campeonatos/csgo/4442,https://gamersclub.com.br/campeonatos/csgo/4442/partida/303277,https://prod-demo-parser-gc-demos.s3.amazonaws.com/676650_de_dust2_barcelona_semorg.zip
https://gamersclub.com.br/campeonatos/csgo/4442,https://gamersclub.com.br/campeonatos/csgo/4442/partida/303279,https://prod-demo-parser-gc-demos.s3.amazonaws.com/676892_de_dust2_barcelona_need-org.zip
https://gamersclub.com.br/campeonatos/csgo/4442,https://gamersclub.com.br/campeonatos/csgo/4442/partida/303280,https://prod-demo-parser-gc-demos.s3.amazonaws.com/675056_de_nuke_barcelona-de-2007_galacticos-no-org.zip
https://gamersclub.com.br/campeonatos/csgo/4442,https://gamersclub.com.br/campeonatos/csgo/4442/partida/303281,https://prod-demo-parser-gc-demos.s3.amazonaws.com/675525_de_nuke_barcelona-de-2007_broken.zip
https://gamersclub.com.br/campeonatos/csgo/4442,https://gamersclub.com.br/campeonatos/csgo/4442/partida/303283,https://prod-demo-parser-gc-demos.s3.amazonaws.com/677209_de_dust2_semorg_need-org.zip
https://gamersclub.com.br/campeonatos/csgo/4442,https://gamersclub.com.br/campeonatos/csgo/4442/partida/303284,https://prod-demo-parser-gc-demos.s3.amazonaws.com/673610_de_dust2_semorg_galacticos-no-org.zip
https://gamersclub.com.br/campeonatos/csgo/4442,https://gamersclub.com.br/campeonatos/csgo/4442/partida/303285,https://prod-demo-parser-gc-demos.s3.amazonaws.com/670010_de_train_semorg_broken.zip
https://gamersclub.com.br/campeonatos/csgo/4442,https://gamersclub.com.br/campeonatos/csgo/4442/partida/303289,https://prod-demo-parser-gc-demos.s3.amazonaws.com/679698_de_dust2_need-org_galacticos-no-org.zip
https://gamersclub.com.br/campeonatos/csgo/4442,https://gamersclub.com.br/campeonatos/csgo/4442/partida/303290,https://prod-demo-parser-gc-demos.s3.amazonaws.com/680051_de_inferno_need-org_broken.zip
https://gamersclub.com.br/campeonatos/csgo/4442,https://gamersclub.com.br/campeonatos/csgo/4442/partida/303291,https://prod-demo-parser-gc-demos.s3.amazonaws.com/679278_de_inferno_galacticos-no-org_broken.zip
https://gamersclub.com.br/campeonatos/csgo/4442,https://gamersclub.com.br/campeonatos/csgo/4442/partida/303292,https://prod-demo-parser-gc-demos.s3.amazonaws.com/677461_de_dust2_bon_detona-pound.zip
https://gamersclub.com.br/campeonatos/csgo/4442,https://gamersclub.com.br/campeonatos/csgo/4442/partida/303293,https://prod-demo-parser-gc-demos.s3.amazonaws.com/679690_de_inferno_bon_value-dragons.zip
https://gamersclub.com.br/campeonatos/csgo/4442,https://gamersclub.com.br/campeonatos/csgo/4442/partida/303294,https://prod-demo-parser-gc-demos.s3.amazonaws.com/680154_de_vertigo_bon_selva.zip
https://gamersclub.com.br/campeonatos/csgo/4442,https://gamersclub.com.br/campeonatos/csgo/4442/partida/303295,https://prod-demo-parser-gc-demos.s3.amazonaws.com/676818_de_vertigo_bon_realdeal-rise.zip
https://gamersclub.com.br/campeonatos/csgo/4442,https://gamersclub.com.br/campeonatos/csgo/4442/partida/303296,https://prod-demo-parser-gc-demos.s3.amazonaws.com/675039_de_vertigo_bon_atrapa2-gaming.zip
https://gamersclub.com.br/campeonatos/csgo/4442,https://gamersclub.com.br/campeonatos/csgo/4442/partida/303297,https://prod-demo-parser-gc-demos.s3.amazonaws.com/679202_de_vertigo_bon_waglo-esports.zip
https://gamersclub.com.br/campeonatos/csgo/4442,https://gamersclub.com.br/campeonatos/csgo/4442/partida/303298,https://prod-demo-parser-gc-demos.s3.amazonaws.com/680189_de_mirage_detona-pound_value-dragons.zip
https://gamersclub.com.br/campeonatos/csgo/4442,https://gamersclub.com.br/campeonatos/csgo/4442/partida/303299,https://prod-demo-parser-gc-demos.s3.amazonaws.com/675595_de_vertigo_detona-pound_selva.zip
https://gamersclub.com.br/campeonatos/csgo/4442,https://gamersclub.com.br/campeonatos/csgo/4442/partida/303300,https://prod-demo-parser-gc-demos.s3.amazonaws.com/679412_de_vertigo_detona-pound_realdeal-rise.zip
https://gamersclub.com.br/campeonatos/csgo/4442,https://gamersclub.com.br/campeonatos/csgo/4442/partida/303301,https://prod-demo-parser-gc-demos.s3.amazonaws.com/677016_de_nuke_detona-pound_atrapa2-gaming.zip
https://gamersclub.com.br/campeonatos/csgo/4442,https://gamersclub.com.br/campeonatos/csgo/4442/partida/303302,https://prod-demo-parser-gc-demos.s3.amazonaws.com/675199_de_vertigo_detona-pound_waglo-esports.zip
https://gamersclub.com.br/campeonatos/csgo/4442,https://gamersclub.com.br/campeonatos/csgo/4442/partida/303303,https://prod-demo-parser-gc-demos.s3.amazonaws.com/677788_de_train_value-dragons_selva.zip
https://gamersclub.com.br/campeonatos/csgo/4442,https://gamersclub.com.br/campeonatos/csgo/4442/partida/303304,https://prod-demo-parser-gc-demos.s3.amazonaws.com/675317_de_inferno_value-dragons_realdeal-rise.zip
https://gamersclub.com.br/campeonatos/csgo/4442,https://gamersclub.com.br/campeonatos/csgo/4442/partida/303305,https://prod-demo-parser-gc-demos.s3.amazonaws.com/677335_de_nuke_value-dragons_atrapa2-gaming.zip
https://gamersclub.com.br/campeonatos/csgo/4442,https://gamersclub.com.br/campeonatos/csgo/4442/partida/303307,https://prod-demo-parser-gc-demos.s3.amazonaws.com/673280_de_vertigo_selva_realdeal-rise.zip
https://gamersclub.com.br/campeonatos/csgo/4442,https://gamersclub.com.br/campeonatos/csgo/4442/partida/303308,https://prod-demo-parser-gc-demos.s3.amazonaws.com/679356_de_dust2_selva_atrapa2-gaming.zip
https://gamersclub.com.br/campeonatos/csgo/4442,https://gamersclub.com.br/campeonatos/csgo/4442/partida/303309,https://prod-demo-parser-gc-demos.s3.amazonaws.com/678974_de_vertigo_selva_waglo-esports.zip
https://gamersclub.com.br/campeonatos/csgo/4442,https://gamersclub.com.br/campeonatos/csgo/4442/partida/303310,https://prod-demo-parser-gc-demos.s3.amazonaws.com/674679_de_inferno_realdeal-rise_atrapa2-gaming.zip
https://gamersclub.com.br/campeonatos/csgo/4442,https://gamersclub.com.br/campeonatos/csgo/4442/partida/303311,https://prod-demo-parser-gc-demos.s3.amazonaws.com/677135_de_inferno_realdeal-rise_waglo-esports.zip
https://gamersclub.com.br/campeonatos/csgo/4442,https://gamersclub.com.br/campeonatos/csgo/4442/partida/303312,https://prod-demo-parser-gc-demos.s3.amazonaws.com/679812_de_inferno_atrapa2-gaming_waglo-esports.zip
https://gamersclub.com.br/campeonatos/csgo/4442,https://gamersclub.com.br/campeonatos/csgo/4442/partida/303313,https://prod-demo-parser-gc-demos.s3.amazonaws.com/677992_de_mirage_enaboado_noorg.zip
https://gamersclub.com.br/campeonatos/csgo/4442,https://gamersclub.com.br/campeonatos/csgo/4442/partida/303314,https://prod-demo-parser-gc-demos.s3.amazonaws.com/673313_de_dust2_enaboado_orgless-.zip
https://gamersclub.com.br/campeonatos/csgo/4442,https://gamersclub.com.br/campeonatos/csgo/4442/partida/303315,https://prod-demo-parser-gc-demos.s3.amazonaws.com/679028_de_mirage_enaboado_suap.zip
https://gamersclub.com.br/campeonatos/csgo/4442,https://gamersclub.com.br/campeonatos/csgo/4442/partida/303316,https://prod-demo-parser-gc-demos.s3.amazonaws.com/673624_de_dust2_enaboado_d0g-p33k.zip
https://gamersclub.com.br/campeonatos/csgo/4442,https://gamersclub.com.br/campeonatos/csgo/4442/partida/303317,https://prod-demo-parser-gc-demos.s3.amazonaws.com/679902_de_mirage_enaboado_the-clutch-force.zip
https://gamersclub.com.br/campeonatos/csgo/4442,https://gamersclub.com.br/campeonatos/csgo/4442/partida/303318,https://prod-demo-parser-gc-demos.s3.amazonaws.com/672088_de_mirage_enaboado_nyxe-esports.zip
https://gamersclub.com.br/campeonatos/csgo/4442,https://gamersclub.com.br/campeonatos/csgo/4442/partida/303320,https://prod-demo-parser-gc-demos.s3.amazonaws.com/675555_de_inferno_bleed_suap.zip
https://gamersclub.com.br/campeonatos/csgo/4442,https://gamersclub.com.br/campeonatos/csgo/4442/partida/303322,https://prod-demo-parser-gc-demos.s3.amazonaws.com/676819_de_vertigo_bleed_the-clutch-force.zip
https://gamersclub.com.br/campeonatos/csgo/4442,https://gamersclub.com.br/campeonatos/csgo/4442/partida/303323,https://prod-demo-parser-gc-demos.s3.amazonaws.com/677556_de_vertigo_bleed_nyxe-esports.zip
https://gamersclub.com.br/campeonatos/csgo/4442,https://gamersclub.com.br/campeonatos/csgo/4442/partida/303324,https://prod-demo-parser-gc-demos.s3.amazonaws.com/675180_de_inferno_orgless-_suap.zip
https://gamersclub.com.br/campeonatos/csgo/4442,https://gamersclub.com.br/campeonatos/csgo/4442/partida/303325,https://prod-demo-parser-gc-demos.s3.amazonaws.com/674845_de_vertigo_orgless-_d0g-p33k.zip
https://gamersclub.com.br/campeonatos/csgo/4442,https://gamersclub.com.br/campeonatos/csgo/4442/partida/303326,https://prod-demo-parser-gc-demos.s3.amazonaws.com/677518_de_inferno_orgless-_the-clutch-force.zip
https://gamersclub.com.br/campeonatos/csgo/4442,https://gamersclub.com.br/campeonatos/csgo/4442/partida/303329,https://prod-demo-parser-gc-demos.s3.amazonaws.com/679363_de_overpass_suap_the-clutch-force.zip
https://gamersclub.com.br/campeonatos/csgo/4442,https://gamersclub.com.br/campeonatos/csgo/4442/partida/303330,https://prod-demo-parser-gc-demos.s3.amazonaws.com/679957_de_mirage_suap_nyxe-esports.zip
https://gamersclub.com.br/campeonatos/csgo/4442,https://gamersclub.com.br/campeonatos/csgo/4442/partida/303331,https://prod-demo-parser-gc-demos.s3.amazonaws.com/675264_de_inferno_d0g-p33k_the-clutch-force.zip
https://gamersclub.com.br/campeonatos/csgo/4442,https://gamersclub.com.br/campeonatos/csgo/4442/partida/303333,https://prod-demo-parser-gc-demos.s3.amazonaws.com/675671_de_vertigo_the-clutch-force_nyxe-esports.zip
https://gamersclub.com.br/campeonatos/csgo/4442,https://gamersclub.com.br/campeonatos/csgo/4442/partida/303342,https://prod-demo-parser-gc-demos.s3.amazonaws.com/679641_de_vertigo_forget_csa-esports.zip
https://gamersclub.com.br/campeonatos/csgo/4442,https://gamersclub.com.br/campeonatos/csgo/4442/partida/303343,https://prod-demo-parser-gc-demos.s3.amazonaws.com/677764_de_train_forget_uranus-gaming.zip
https://gamersclub.com.br/campeonatos/csgo/4442,https://gamersclub.com.br/campeonatos/csgo/4442/partida/303344,https://prod-demo-parser-gc-demos.s3.amazonaws.com/675259_de_dust2_forget_opyt-e-sports.zip
https://gamersclub.com.br/campeonatos/csgo/4442,https://gamersclub.com.br/campeonatos/csgo/4442/partida/303346,https://prod-demo-parser-gc-demos.s3.amazonaws.com/677388_de_vertigo_fiver5-fire_csa-esports.zip
https://gamersclub.com.br/campeonatos/csgo/4442,https://gamersclub.com.br/campeonatos/csgo/4442/partida/303347,https://prod-demo-parser-gc-demos.s3.amazonaws.com/674499_de_nuke_fiver5-fire_uranus-gaming.zip
https://gamersclub.com.br/campeonatos/csgo/4442,https://gamersclub.com.br/campeonatos/csgo/4442/partida/303348,https://prod-demo-parser-gc-demos.s3.amazonaws.com/674814_de_dust2_fiver5-fire_opyt-e-sports.zip
https://gamersclub.com.br/campeonatos/csgo/4442,https://gamersclub.com.br/campeonatos/csgo/4442/partida/303349,https://prod-demo-parser-gc-demos.s3.amazonaws.com/675322_de_nuke_itape_csa-esports.zip
https://gamersclub.com.br/campeonatos/csgo/4442,https://gamersclub.com.br/campeonatos/csgo/4442/partida/303351,https://prod-demo-parser-gc-demos.s3.amazonaws.com/680044_de_inferno_itape_opyt-e-sports.zip
https://gamersclub.com.br/campeonatos/csgo/4442,https://gamersclub.com.br/campeonatos/csgo/4442/partida/303352,https://prod-demo-parser-gc-demos.s3.amazonaws.com/674837_de_mirage_csa-esports_uranus-gaming.zip
https://gamersclub.com.br/campeonatos/csgo/4442,https://gamersclub.com.br/campeonatos/csgo/4442/partida/303353,https://prod-demo-parser-gc-demos.s3.amazonaws.com/679215_de_dust2_csa-esports_opyt-e-sports.zip
https://gamersclub.com.br/campeonatos/csgo/4442,https://gamersclub.com.br/campeonatos/csgo/4442/partida/303354,https://prod-demo-parser-gc-demos.s3.amazonaws.com/677092_de_overpass_uranus-gaming_opyt-e-sports.zip
https://gamersclub.com.br/campeonatos/csgo/4442,https://gamersclub.com.br/campeonatos/csgo/4442/partida/303361,https://prod-demo-parser-gc-demos.s3.amazonaws.com/677029_de_dust2_no-org_rdw-esports.zip
https://gamersclub.com.br/campeonatos/csgo/4442,https://gamersclub.com.br/campeonatos/csgo/4442/partida/303362,https://prod-demo-parser-gc-demos.s3.amazonaws.com/679671_de_overpass_no-org_acotados.zip
https://gamersclub.com.br/campeonatos/csgo/4442,https://gamersclub.com.br/campeonatos/csgo/4442/partida/303363,https://prod-demo-parser-gc-demos.s3.amazonaws.com/677540_de_dust2_no-org_bth-esports.zip
https://gamersclub.com.br/campeonatos/csgo/4442,https://gamersclub.com.br/campeonatos/csgo/4442/partida/303364,https://prod-demo-parser-gc-demos.s3.amazonaws.com/673793_de_dust2_ressacada-crew_mz-team.zip
https://gamersclub.com.br/campeonatos/csgo/4442,https://gamersclub.com.br/campeonatos/csgo/4442/partida/303365,https://prod-demo-parser-gc-demos.s3.amazonaws.com/679191_de_overpass_no-org_ebro.zip
https://gamersclub.com.br/campeonatos/csgo/4442,https://gamersclub.com.br/campeonatos/csgo/4442/partida/303366,https://prod-demo-parser-gc-demos.s3.amazonaws.com/675076_de_train_rdw-esports_acotados.zip
https://gamersclub.com.br/campeonatos/csgo/4442,https://gamersclub.com.br/campeonatos/csgo/4442/partida/303367,https://prod-demo-parser-gc-demos.s3.amazonaws.com/675536_de_mirage_rdw-esports_bth-esports.zip
https://gamersclub.com.br/campeonatos/csgo/4442,https://gamersclub.com.br/campeonatos/csgo/4442/partida/303368,https://prod-demo-parser-gc-demos.s3.amazonaws.com/677500_de_dust2_rdw-esports_mz-team.zip
https://gamersclub.com.br/campeonatos/csgo/4442,https://gamersclub.com.br/campeonatos/csgo/4442/partida/303369,https://prod-demo-parser-gc-demos.s3.amazonaws.com/673326_de_dust2_rdw-esports_ebro.zip
https://gamersclub.com.br/campeonatos/csgo/4442,https://gamersclub.com.br/campeonatos/csgo/4442/partida/303370,https://prod-demo-parser-gc-demos.s3.amazonaws.com/676775_de_inferno_acotados_bth-esports.zip
https://gamersclub.com.br/campeonatos/csgo/4442,https://gamersclub.com.br/campeonatos/csgo/4442/partida/303371,https://prod-demo-parser-gc-demos.s3.amazonaws.com/679161_de_nuke_acotados_mz-team.zip
https://gamersclub.com.br/campeonatos/csgo/4442,https://gamersclub.com.br/campeonatos/csgo/4442/partida/303372,https://prod-demo-parser-gc-demos.s3.amazonaws.com/676517_de_overpass_acotados_ebro.zip
https://gamersclub.com.br/campeonatos/csgo/4442,https://gamersclub.com.br/campeonatos/csgo/4442/partida/303373,https://prod-demo-parser-gc-demos.s3.amazonaws.com/679894_de_dust2_bth-esports_mz-team.zip
https://gamersclub.com.br/campeonatos/csgo/4442,https://gamersclub.com.br/campeonatos/csgo/4442/partida/303374,https://prod-demo-parser-gc-demos.s3.amazonaws.com/675073_de_mirage_bth-esports_ebro.zip
https://gamersclub.com.br/campeonatos/csgo/4442,https://gamersclub.com.br/campeonatos/csgo/4442/partida/303375,https://prod-demo-parser-gc-demos.s3.amazonaws.com/676712_de_overpass_mz-team_ebro.zip
https://gamersclub.com.br/campeonatos/csgo/4442,https://gamersclub.com.br/campeonatos/csgo/4442/partida/303382,https://prod-demo-parser-gc-demos.s3.amazonaws.com/679110_de_vertigo_leviatan-esports_you-never-know.zip
https://gamersclub.com.br/campeonatos/csgo/4442,https://gamersclub.com.br/campeonatos/csgo/4442/partida/303383,https://prod-demo-parser-gc-demos.s3.amazonaws.com/679566_de_mirage_leviatan-esports_black-hawks-clan.zip
https://gamersclub.com.br/campeonatos/csgo/4442,https://gamersclub.com.br/campeonatos/csgo/4442/partida/303384,https://prod-demo-parser-gc-demos.s3.amazonaws.com/677535_de_overpass_leviatan-esports_chevetao-r3b4ix4d0.zip
https://gamersclub.com.br/campeonatos/csgo/4442,https://gamersclub.com.br/campeonatos/csgo/4442/partida/303385,https://prod-demo-parser-gc-demos.s3.amazonaws.com/679896_de_vertigo_leviatan-esports_deserveit.zip
https://gamersclub.com.br/campeonatos/csgo/4442,https://gamersclub.com.br/campeonatos/csgo/4442/partida/303387,https://prod-demo-parser-gc-demos.s3.amazonaws.com/680941_de_inferno_you-never-know_black-hawks-clan.zip
https://gamersclub.com.br/campeonatos/csgo/4442,https://gamersclub.com.br/campeonatos/csgo/4442/partida/303388,https://prod-demo-parser-gc-demos.s3.amazonaws.com/679416_de_inferno_you-never-know_chevetao-r3b4ix4d0.zip
https://gamersclub.com.br/campeonatos/csgo/4442,https://gamersclub.com.br/campeonatos/csgo/4442/partida/303389,https://prod-demo-parser-gc-demos.s3.amazonaws.com/670176_de_inferno_you-never-know_deserveit.zip
https://gamersclub.com.br/campeonatos/csgo/4442,https://gamersclub.com.br/campeonatos/csgo/4442/partida/303390,https://prod-demo-parser-gc-demos.s3.amazonaws.com/677394_de_inferno_you-never-know_immortality.zip
https://gamersclub.com.br/campeonatos/csgo/4442,https://gamersclub.com.br/campeonatos/csgo/4442/partida/303391,https://prod-demo-parser-gc-demos.s3.amazonaws.com/679900_de_inferno_black-hawks-clan_chevetao-r3b4ix4d0.zip
https://gamersclub.com.br/campeonatos/csgo/4442,https://gamersclub.com.br/campeonatos/csgo/4442/partida/303392,https://prod-demo-parser-gc-demos.s3.amazonaws.com/679200_de_inferno_black-hawks-clan_deserveit.zip
https://gamersclub.com.br/campeonatos/csgo/4442,https://gamersclub.com.br/campeonatos/csgo/4442/partida/303393,https://prod-demo-parser-gc-demos.s3.amazonaws.com/677892_de_inferno_black-hawks-clan_immortality.zip
https://gamersclub.com.br/campeonatos/csgo/4442,https://gamersclub.com.br/campeonatos/csgo/4442/partida/303395,https://prod-demo-parser-gc-demos.s3.amazonaws.com/675572_de_inferno_chevetao-r3b4ix4d0_immortality.zip
https://gamersclub.com.br/campeonatos/csgo/4442,https://gamersclub.com.br/campeonatos/csgo/4442/partida/303396,https://prod-demo-parser-gc-demos.s3.amazonaws.com/677011_de_nuke_deserveit_immortality.zip
https://gamersclub.com.br/campeonatos/csgo/4442,https://gamersclub.com.br/campeonatos/csgo/4442/partida/303397,https://prod-demo-parser-gc-demos.s3.amazonaws.com/679890_de_mirage_doublesense_urso-nao-jogar-dust2.zip
https://gamersclub.com.br/campeonatos/csgo/4442,https://gamersclub.com.br/campeonatos/csgo/4442/partida/303400,https://prod-demo-parser-gc-demos.s3.amazonaws.com/675809_de_train_doublesense_ufsc-titans.zip
https://gamersclub.com.br/campeonatos/csgo/4442,https://gamersclub.com.br/campeonatos/csgo/4442/partida/303401,https://prod-demo-parser-gc-demos.s3.amazonaws.com/680275_de_inferno_doublesense_godenvyus.zip
https://gamersclub.com.br/campeonatos/csgo/4442,https://gamersclub.com.br/campeonatos/csgo/4442/partida/303402,https://prod-demo-parser-gc-demos.s3.amazonaws.com/675416_de_inferno_doublesense_titans-esports.zip
https://gamersclub.com.br/campeonatos/csgo/4442,https://gamersclub.com.br/campeonatos/csgo/4442/partida/303403,https://prod-demo-parser-gc-demos.s3.amazonaws.com/674687_de_dust2_uro_kidding2smile.zip
https://gamersclub.com.br/campeonatos/csgo/4442,https://gamersclub.com.br/campeonatos/csgo/4442/partida/303404,https://prod-demo-parser-gc-demos.s3.amazonaws.com/679263_de_overpass_urso-nao-jogar-dust2_meninos-da-vila-sem-org.zip
https://gamersclub.com.br/campeonatos/csgo/4442,https://gamersclub.com.br/campeonatos/csgo/4442/partida/303405,https://prod-demo-parser-gc-demos.s3.amazonaws.com/673773_de_dust2_uro_ufsc-titans.zip
https://gamersclub.com.br/campeonatos/csgo/4442,https://gamersclub.com.br/campeonatos/csgo/4442/partida/303406,https://prod-demo-parser-gc-demos.s3.amazonaws.com/675562_de_dust2_uro_godenvyus.zip
https://gamersclub.com.br/campeonatos/csgo/4442,https://gamersclub.com.br/campeonatos/csgo/4442/partida/303407,https://prod-demo-parser-gc-demos.s3.amazonaws.com/676674_de_inferno_urso-nao-jogar-dust2_titans-esports.zip
https://gamersclub.com.br/campeonatos/csgo/4442,https://gamersclub.com.br/campeonatos/csgo/4442/partida/303409,https://prod-demo-parser-gc-demos.s3.amazonaws.com/675329_de_train_kidding2smile_ufsc-titans.zip
https://gamersclub.com.br/campeonatos/csgo/4442,https://gamersclub.com.br/campeonatos/csgo/4442/partida/303410,https://prod-demo-parser-gc-demos.s3.amazonaws.com/677007_de_inferno_kidding2smile_godenvyus.zip
https://gamersclub.com.br/campeonatos/csgo/4442,https://gamersclub.com.br/campeonatos/csgo/4442/partida/303412,https://prod-demo-parser-gc-demos.s3.amazonaws.com/679668_de_nuke_meninos-da-vila-sem-org_ufsc-titans.zip
https://gamersclub.com.br/campeonatos/csgo/4442,https://gamersclub.com.br/campeonatos/csgo/4442/partida/303413,https://prod-demo-parser-gc-demos.s3.amazonaws.com/679022_de_overpass_meninos-da-vila-sem-org_godenvyus.zip
https://gamersclub.com.br/campeonatos/csgo/4442,https://gamersclub.com.br/campeonatos/csgo/4442/partida/303414,https://prod-demo-parser-gc-demos.s3.amazonaws.com/677008_de_vertigo_meninos-da-vila-sem-org_titans-esports.zip
https://gamersclub.com.br/campeonatos/csgo/4442,https://gamersclub.com.br/campeonatos/csgo/4442/partida/303415,https://prod-demo-parser-gc-demos.s3.amazonaws.com/679286_de_dust2_ufsc-titans_godenvyus.zip
https://gamersclub.com.br/campeonatos/csgo/4442,https://gamersclub.com.br/campeonatos/csgo/4442/partida/303416,https://prod-demo-parser-gc-demos.s3.amazonaws.com/680110_de_nuke_ufsc-titans_titans-esports.zip
https://gamersclub.com.br/campeonatos/csgo/4442,https://gamersclub.com.br/campeonatos/csgo/4442/partida/303417,https://prod-demo-parser-gc-demos.s3.amazonaws.com/673479_de_inferno_godenvyus_titans-esports.zip
https://gamersclub.com.br/campeonatos/csgo/4442,https://gamersclub.com.br/campeonatos/csgo/4442/partida/303425,https://prod-demo-parser-gc-demos.s3.amazonaws.com/680919_de_vertigo_team-lambda_nostalgia-gamers.zip
https://gamersclub.com.br/campeonatos/csgo/4442,https://gamersclub.com.br/campeonatos/csgo/4442/partida/303426,https://prod-demo-parser-gc-demos.s3.amazonaws.com/674673_de_nuke_team-lambda_noorg.zip
https://gamersclub.com.br/campeonatos/csgo/4442,https://gamersclub.com.br/campeonatos/csgo/4442/partida/303427,https://prod-demo-parser-gc-demos.s3.amazonaws.com/677001_de_dust2_team-lambda_rec-esports.zip
https://gamersclub.com.br/campeonatos/csgo/4442,https://gamersclub.com.br/campeonatos/csgo/4442/partida/303428,https://prod-demo-parser-gc-demos.s3.amazonaws.com/673471_de_vertigo_team-lambda_eldorado-legends.zip
https://gamersclub.com.br/campeonatos/csgo/4442,https://gamersclub.com.br/campeonatos/csgo/4442/partida/303429,https://prod-demo-parser-gc-demos.s3.amazonaws.com/677646_de_train_fiver5-ice_nostalgia-gamers.zip
https://gamersclub.com.br/campeonatos/csgo/4442,https://gamersclub.com.br/campeonatos/csgo/4442/partida/303430,https://prod-demo-parser-gc-demos.s3.amazonaws.com/679707_de_dust2_fiver5-ice_noorg.zip
https://gamersclub.com.br/campeonatos/csgo/4442,https://gamersclub.com.br/campeonatos/csgo/4442/partida/303431,https://prod-demo-parser-gc-demos.s3.amazonaws.com/675599_de_train_fiver5-ice_rec-esports.zip
https://gamersclub.com.br/campeonatos/csgo/4442,https://gamersclub.com.br/campeonatos/csgo/4442/partida/303432,https://prod-demo-parser-gc-demos.s3.amazonaws.com/677251_de_inferno_fiver5-ice_eldorado-legends.zip
https://gamersclub.com.br/campeonatos/csgo/4442,https://gamersclub.com.br/campeonatos/csgo/4442/partida/303433,https://prod-demo-parser-gc-demos.s3.amazonaws.com/680094_de_vertigo_nostalgia-gamers_noorg.zip
https://gamersclub.com.br/campeonatos/csgo/4442,https://gamersclub.com.br/campeonatos/csgo/4442/partida/303434,https://prod-demo-parser-gc-demos.s3.amazonaws.com/681011_de_train_nostalgia-gamers_rec-esports.zip
https://gamersclub.com.br/campeonatos/csgo/4442,https://gamersclub.com.br/campeonatos/csgo/4442/partida/303435,https://prod-demo-parser-gc-demos.s3.amazonaws.com/675788_de_vertigo_nostalgia-gamers_eldorado-legends.zip
https://gamersclub.com.br/campeonatos/csgo/4442,https://gamersclub.com.br/campeonatos/csgo/4442/partida/303436,https://prod-demo-parser-gc-demos.s3.amazonaws.com/679262_de_inferno_noorg_rec-esports.zip
https://gamersclub.com.br/campeonatos/csgo/4442,https://gamersclub.com.br/campeonatos/csgo/4442/partida/303437,https://prod-demo-parser-gc-demos.s3.amazonaws.com/676834_de_inferno_noorg_eldorado-legends.zip
https://gamersclub.com.br/campeonatos/csgo/4442,https://gamersclub.com.br/campeonatos/csgo/4442/partida/303439,https://prod-demo-parser-gc-demos.s3.amazonaws.com/677815_de_dust2_skillers_nomercy-clan.zip
https://gamersclub.com.br/campeonatos/csgo/4442,https://gamersclub.com.br/campeonatos/csgo/4442/partida/303441,https://prod-demo-parser-gc-demos.s3.amazonaws.com/675174_de_train_skillers_luminous.zip
https://gamersclub.com.br/campeonatos/csgo/4442,https://gamersclub.com.br/campeonatos/csgo/4442/partida/303442,https://prod-demo-parser-gc-demos.s3.amazonaws.com/680067_de_train_skillers_renegados.zip
https://gamersclub.com.br/campeonatos/csgo/4442,https://gamersclub.com.br/campeonatos/csgo/4442/partida/303443,https://prod-demo-parser-gc-demos.s3.amazonaws.com/675495_de_inferno_skillers_trueneutral.zip
https://gamersclub.com.br/campeonatos/csgo/4442,https://gamersclub.com.br/campeonatos/csgo/4442/partida/303444,https://prod-demo-parser-gc-demos.s3.amazonaws.com/677365_de_dust2_skillers_elzorro-esports.zip
https://gamersclub.com.br/campeonatos/csgo/4442,https://gamersclub.com.br/campeonatos/csgo/4442/partida/303445,https://prod-demo-parser-gc-demos.s3.amazonaws.com/677395_de_inferno_nomercy-clan_from-hell.zip
https://gamersclub.com.br/campeonatos/csgo/4442,https://gamersclub.com.br/campeonatos/csgo/4442/partida/303446,https://prod-demo-parser-gc-demos.s3.amazonaws.com/673946_de_inferno_omega-41_luminous.zip
https://gamersclub.com.br/campeonatos/csgo/4442,https://gamersclub.com.br/campeonatos/csgo/4442/partida/303447,https://prod-demo-parser-gc-demos.s3.amazonaws.com/675026_de_inferno_nomercy-clan_renegados.zip
https://gamersclub.com.br/campeonatos/csgo/4442,https://gamersclub.com.br/campeonatos/csgo/4442/partida/303448,https://prod-demo-parser-gc-demos.s3.amazonaws.com/679662_de_inferno_nomercy-clan_trueneutral.zip
https://gamersclub.com.br/campeonatos/csgo/4442,https://gamersclub.com.br/campeonatos/csgo/4442/partida/303449,https://prod-demo-parser-gc-demos.s3.amazonaws.com/675579_de_dust2_nomercy-clan_elzorro-esports.zip
https://gamersclub.com.br/campeonatos/csgo/4442,https://gamersclub.com.br/campeonatos/csgo/4442/partida/303450,https://prod-demo-parser-gc-demos.s3.amazonaws.com/675522_de_inferno_from-hell_luminous.zip
https://gamersclub.com.br/campeonatos/csgo/4442,https://gamersclub.com.br/campeonatos/csgo/4442/partida/303451,https://prod-demo-parser-gc-demos.s3.amazonaws.com/676979_de_train_from-hell_renegados.zip
https://gamersclub.com.br/campeonatos/csgo/4442,https://gamersclub.com.br/campeonatos/csgo/4442/partida/303452,https://prod-demo-parser-gc-demos.s3.amazonaws.com/680082_de_inferno_from-hell_trueneutral.zip
https://gamersclub.com.br/campeonatos/csgo/4442,https://gamersclub.com.br/campeonatos/csgo/4442/partida/303456,https://prod-demo-parser-gc-demos.s3.amazonaws.com/677777_de_inferno_luminous_elzorro-esports.zip
https://gamersclub.com.br/campeonatos/csgo/4442,https://gamersclub.com.br/campeonatos/csgo/4442/partida/303457,https://prod-demo-parser-gc-demos.s3.amazonaws.com/677494_de_inferno_renegados_trueneutral.zip
https://gamersclub.com.br/campeonatos/csgo/4442,https://gamersclub.com.br/campeonatos/csgo/4442/partida/303458,https://prod-demo-parser-gc-demos.s3.amazonaws.com/679264_de_inferno_renegados_elzorro-esports.zip
https://gamersclub.com.br/campeonatos/csgo/4442,https://gamersclub.com.br/campeonatos/csgo/4442/partida/303459,https://prod-demo-parser-gc-demos.s3.amazonaws.com/675068_de_inferno_trueneutral_elzorro-esports.zip
https://gamersclub.com.br/campeonatos/csgo/4442,https://gamersclub.com.br/campeonatos/csgo/4442/partida/303466,https://prod-demo-parser-gc-demos.s3.amazonaws.com/676827_de_inferno_orgxless_sugoi-gakkou.zip
https://gamersclub.com.br/campeonatos/csgo/4442,https://gamersclub.com.br/campeonatos/csgo/4442/partida/303467,https://prod-demo-parser-gc-demos.s3.amazonaws.com/675047_de_inferno_orgxless_sm-gaming.zip
https://gamersclub.com.br/campeonatos/csgo/4442,https://gamersclub.com.br/campeonatos/csgo/4442/partida/303468,https://prod-demo-parser-gc-demos.s3.amazonaws.com/680178_de_nuke_orgxless_pardo-esports.zip
https://gamersclub.com.br/campeonatos/csgo/4442,https://gamersclub.com.br/campeonatos/csgo/4442/partida/303469,https://prod-demo-parser-gc-demos.s3.amazonaws.com/679206_de_nuke_orgxless_jaguares-pink-academy.zip
https://gamersclub.com.br/campeonatos/csgo/4442,https://gamersclub.com.br/campeonatos/csgo/4442/partida/303471,https://prod-demo-parser-gc-demos.s3.amazonaws.com/677199_de_vertigo_sugoi-gakkou_sm-gaming.zip
https://gamersclub.com.br/campeonatos/csgo/4442,https://gamersclub.com.br/campeonatos/csgo/4442/partida/303472,https://prod-demo-parser-gc-demos.s3.amazonaws.com/679804_de_inferno_sugoi-gakkou_pardo-esports.zip
https://gamersclub.com.br/campeonatos/csgo/4442,https://gamersclub.com.br/campeonatos/csgo/4442/partida/303473,https://prod-demo-parser-gc-demos.s3.amazonaws.com/678973_de_nuke_sugoi-gakkou_jaguares-pink-academy.zip
https://gamersclub.com.br/campeonatos/csgo/4442,https://gamersclub.com.br/campeonatos/csgo/4442/partida/303474,https://prod-demo-parser-gc-demos.s3.amazonaws.com/670329_de_overpass_sugoi-gakkou_a12.zip
https://gamersclub.com.br/campeonatos/csgo/4442,https://gamersclub.com.br/campeonatos/csgo/4442/partida/303475,https://prod-demo-parser-gc-demos.s3.amazonaws.com/675419_de_mirage_sm-gaming_pardo-esports.zip
https://gamersclub.com.br/campeonatos/csgo/4442,https://gamersclub.com.br/campeonatos/csgo/4442/partida/303476,https://prod-demo-parser-gc-demos.s3.amazonaws.com/676774_de_inferno_sm-gaming_jaguares-pink-academy.zip
https://gamersclub.com.br/campeonatos/csgo/4442,https://gamersclub.com.br/campeonatos/csgo/4442/partida/303477,https://prod-demo-parser-gc-demos.s3.amazonaws.com/679995_de_mirage_sm-gaming_a12.zip
https://gamersclub.com.br/campeonatos/csgo/4442,https://gamersclub.com.br/campeonatos/csgo/4442/partida/303478,https://prod-demo-parser-gc-demos.s3.amazonaws.com/677115_de_mirage_pardo-esports_jaguares-pink-academy.zip
https://gamersclub.com.br/campeonatos/csgo/4442,https://gamersclub.com.br/campeonatos/csgo/4442/partida/303479,https://prod-demo-parser-gc-demos.s3.amazonaws.com/677547_de_mirage_pardo-esports_a12.zip
https://gamersclub.com.br/campeonatos/csgo/4442,https://gamersclub.com.br/campeonatos/csgo/4442/partida/303480,https://prod-demo-parser-gc-demos.s3.amazonaws.com/675553_de_vertigo_jaguares-pink-academy_a12.zip
https://gamersclub.com.br/campeonatos/csgo/4442,https://gamersclub.com.br/campeonatos/csgo/4442/partida/303481,https://prod-demo-parser-gc-demos.s3.amazonaws.com/679213_de_inferno_amigosdopug_gstfamily.zip
https://gamersclub.com.br/campeonatos/csgo/4442,https://gamersclub.com.br/campeonatos/csgo/4442/partida/303482,https://prod-demo-parser-gc-demos.s3.amazonaws.com/676796_de_inferno_amigosdopug_sugoi-e-sports.zip
https://gamersclub.com.br/campeonatos/csgo/4442,https://gamersclub.com.br/campeonatos/csgo/4442/partida/303483,https://prod-demo-parser-gc-demos.s3.amazonaws.com/677483_de_inferno_amigosdopug_i-dont-have-roof.zip
https://gamersclub.com.br/campeonatos/csgo/4442,https://gamersclub.com.br/campeonatos/csgo/4442/partida/303484,https://prod-demo-parser-gc-demos.s3.amazonaws.com/677070_de_nuke_amigosdopug_ex-ubrain.zip
https://gamersclub.com.br/campeonatos/csgo/4442,https://gamersclub.com.br/campeonatos/csgo/4442/partida/303485,https://prod-demo-parser-gc-demos.s3.amazonaws.com/675467_de_nuke_amigosdopug_effect.zip
https://gamersclub.com.br/campeonatos/csgo/4442,https://gamersclub.com.br/campeonatos/csgo/4442/partida/303486,https://prod-demo-parser-gc-demos.s3.amazonaws.com/675042_de_inferno_pug_action-x.zip
https://gamersclub.com.br/campeonatos/csgo/4442,https://gamersclub.com.br/campeonatos/csgo/4442/partida/303487,https://prod-demo-parser-gc-demos.s3.amazonaws.com/674840_de_inferno_gstfamily_sugoi-e-sports.zip
https://gamersclub.com.br/campeonatos/csgo/4442,https://gamersclub.com.br/campeonatos/csgo/4442/partida/303488,https://prod-demo-parser-gc-demos.s3.amazonaws.com/679697_de_inferno_gstfamily_i-dont-have-roof.zip
https://gamersclub.com.br/campeonatos/csgo/4442,https://gamersclub.com.br/campeonatos/csgo/4442/partida/303489,https://prod-demo-parser-gc-demos.s3.amazonaws.com/676831_de_vertigo_gstfamily_ex-ubrain.zip
https://gamersclub.com.br/campeonatos/csgo/4442,https://gamersclub.com.br/campeonatos/csgo/4442/partida/303490,https://prod-demo-parser-gc-demos.s3.amazonaws.com/681225_de_mirage_gstfamily_effect.zip
https://gamersclub.com.br/campeonatos/csgo/4442,https://gamersclub.com.br/campeonatos/csgo/4442/partida/303491,https://prod-demo-parser-gc-demos.s3.amazonaws.com/670088_de_inferno_gstfamily_action-x.zip
https://gamersclub.com.br/campeonatos/csgo/4442,https://gamersclub.com.br/campeonatos/csgo/4442/partida/303492,https://prod-demo-parser-gc-demos.s3.amazonaws.com/675307_de_inferno_sugoi-e-sports_i-dont-have-roof.zip
https://gamersclub.com.br/campeonatos/csgo/4442,https://gamersclub.com.br/campeonatos/csgo/4442/partida/303493,https://prod-demo-parser-gc-demos.s3.amazonaws.com/679527_de_mirage_sugoi-last-dance_ex-ubrain.zip
https://gamersclub.com.br/campeonatos/csgo/4442,https://gamersclub.com.br/campeonatos/csgo/4442/partida/303494,https://prod-demo-parser-gc-demos.s3.amazonaws.com/677450_de_mirage_sugoi-e-sports_effect.zip
https://gamersclub.com.br/campeonatos/csgo/4442,https://gamersclub.com.br/campeonatos/csgo/4442/partida/303495,https://prod-demo-parser-gc-demos.s3.amazonaws.com/673622_de_inferno_sugoi-e-sports_action-x.zip
https://gamersclub.com.br/campeonatos/csgo/4442,https://gamersclub.com.br/campeonatos/csgo/4442/partida/303496,https://prod-demo-parser-gc-demos.s3.amazonaws.com/679197_de_inferno_i-dont-have-roof_ex-ubrain.zip
https://gamersclub.com.br/campeonatos/csgo/4442,https://gamersclub.com.br/campeonatos/csgo/4442/partida/303497,https://prod-demo-parser-gc-demos.s3.amazonaws.com/680921_de_vertigo_i-dont-have-roof_effect.zip
https://gamersclub.com.br/campeonatos/csgo/4442,https://gamersclub.com.br/campeonatos/csgo/4442/partida/303498,https://prod-demo-parser-gc-demos.s3.amazonaws.com/676954_de_inferno_i-dont-have-roof_action-x.zip
https://gamersclub.com.br/campeonatos/csgo/4442,https://gamersclub.com.br/campeonatos/csgo/4442/partida/303499,https://prod-demo-parser-gc-demos.s3.amazonaws.com/679970_de_vertigo_ex-ubrain_effect.zip
https://gamersclub.com.br/campeonatos/csgo/4442,https://gamersclub.com.br/campeonatos/csgo/4442/partida/303500,https://prod-demo-parser-gc-demos.s3.amazonaws.com/677452_de_inferno_ex-ubrain_action-x.zip
https://gamersclub.com.br/campeonatos/csgo/4442,https://gamersclub.com.br/campeonatos/csgo/4442/partida/303501,https://prod-demo-parser-gc-demos.s3.amazonaws.com/679388_de_vertigo_effect_action-x.zip
https://gamersclub.com.br/campeonatos/csgo/4442,https://gamersclub.com.br/campeonatos/csgo/4442/partida/308616,https://prod-demo-parser-gc-demos.s3.amazonaws.com/683218_de_mirage_sans-organisation_gstfamily.zip
https://gamersclub.com.br/campeonatos/csgo/4442,https://gamersclub.com.br/campeonatos/csgo/4442/partida/308617,https://prod-demo-parser-gc-demos.s3.amazonaws.com/683247_de_mirage_ciam-gaming_sm-gaming.zip
https://gamersclub.com.br/campeonatos/csgo/4442,https://gamersclub.com.br/campeonatos/csgo/4442/partida/308618,https://prod-demo-parser-gc-demos.s3.amazonaws.com/683213_de_inferno_spacestre_skillers.zip
https://gamersclub.com.br/campeonatos/csgo/4442,https://gamersclub.com.br/campeonatos/csgo/4442/partida/308620,https://prod-demo-parser-gc-demos.s3.amazonaws.com/683250_de_dust2_nk-e-sports_ufsc-titans.zip
https://gamersclub.com.br/campeonatos/csgo/4442,https://gamersclub.com.br/campeonatos/csgo/4442/partida/308621,https://prod-demo-parser-gc-demos.s3.amazonaws.com/683245_de_overpass_barcelona_you-never-know.zip
https://gamersclub.com.br/campeonatos/csgo/4442,https://gamersclub.com.br/campeonatos/csgo/4442/partida/308622,https://prod-demo-parser-gc-demos.s3.amazonaws.com/683242_de_inferno_value-dragons_bth-esports.zip
https://gamersclub.com.br/campeonatos/csgo/4442,https://gamersclub.com.br/campeonatos/csgo/4442/partida/308623,https://prod-demo-parser-gc-demos.s3.amazonaws.com/683207_de_dust2_orgless-_opyt-e-sports.zip
https://gamersclub.com.br/campeonatos/csgo/4442,https://gamersclub.com.br/campeonatos/csgo/4442/partida/308624,https://prod-demo-parser-gc-demos.s3.amazonaws.com/683244_de_mirage_csa-esports_the-clutch-force.zip
https://gamersclub.com.br/campeonatos/csgo/4442,https://gamersclub.com.br/campeonatos/csgo/4442/partida/308625,https://prod-demo-parser-gc-demos.s3.amazonaws.com/683246_de_dust2_rdw-esports_atrapa2-gaming.zip
https://gamersclub.com.br/campeonatos/csgo/4442,https://gamersclub.com.br/campeonatos/csgo/4442/partida/308626,https://prod-demo-parser-gc-demos.s3.amazonaws.com/683263_de_mirage_leviatan-esports_nike12mola.zip
https://gamersclub.com.br/campeonatos/csgo/4442,https://gamersclub.com.br/campeonatos/csgo/4442/partida/308627,https://prod-demo-parser-gc-demos.s3.amazonaws.com/683210_de_dust2_godenvyus_langamers-esports.zip
https://gamersclub.com.br/campeonatos/csgo/4442,https://gamersclub.com.br/campeonatos/csgo/4442/partida/308628,https://prod-demo-parser-gc-demos.s3.amazonaws.com/683227_de_inferno_noorg_nukegg.zip
https://gamersclub.com.br/campeonatos/csgo/4442,https://gamersclub.com.br/campeonatos/csgo/4442/partida/308629,https://prod-demo-parser-gc-demos.s3.amazonaws.com/683262_de_mirage_renegados_groupie.zip
https://gamersclub.com.br/campeonatos/csgo/4442,https://gamersclub.com.br/campeonatos/csgo/4442/partida/308630,https://prod-demo-parser-gc-demos.s3.amazonaws.com/683222_de_nuke_orgxless_stream-team.zip
https://gamersclub.com.br/campeonatos/csgo/4442,https://gamersclub.com.br/campeonatos/csgo/4442/partida/308631,https://prod-demo-parser-gc-demos.s3.amazonaws.com/683261_de_dust2_amigosdopug_ufscar-fire.zip
https://gamersclub.com.br/campeonatos/csgo/4442,https://gamersclub.com.br/campeonatos/csgo/4442/partida/308724,https://prod-demo-parser-gc-demos.s3.amazonaws.com/683354_de_dust2_spacestre_desempleados.zip
https://gamersclub.com.br/campeonatos/csgo/4442,https://gamersclub.com.br/campeonatos/csgo/4442/partida/308728,https://prod-demo-parser-gc-demos.s3.amazonaws.com/683350_de_mirage_sans-organisation_ciam-gaming.zip
https://gamersclub.com.br/campeonatos/csgo/4442,https://gamersclub.com.br/campeonatos/csgo/4442/partida/308729,https://prod-demo-parser-gc-demos.s3.amazonaws.com/683351_de_inferno_gstfamily_sm-gaming.zip
https://gamersclub.com.br/campeonatos/csgo/4442,https://gamersclub.com.br/campeonatos/csgo/4442/partida/308730,https://prod-demo-parser-gc-demos.s3.amazonaws.com/683359_de_dust2_nike12mola_godenvyus.zip
https://gamersclub.com.br/campeonatos/csgo/4442,https://gamersclub.com.br/campeonatos/csgo/4442/partida/308731,https://prod-demo-parser-gc-demos.s3.amazonaws.com/683349_de_vertigo_leviatan-esports_langamers-esports.zip
https://gamersclub.com.br/campeonatos/csgo/4442,https://gamersclub.com.br/campeonatos/csgo/4442/partida/308732,https://prod-demo-parser-gc-demos.s3.amazonaws.com/683363_de_inferno_orgxless_amigosdopug.zip
https://gamersclub.com.br/campeonatos/csgo/4442,https://gamersclub.com.br/campeonatos/csgo/4442/partida/308733,https://prod-demo-parser-gc-demos.s3.amazonaws.com/683360_de_nuke_stream-team_ufscar-fire.zip
https://gamersclub.com.br/campeonatos/csgo/4442,https://gamersclub.com.br/campeonatos/csgo/4442/partida/308734,https://prod-demo-parser-gc-demos.s3.amazonaws.com/683373_de_nuke_value-dragons_opyt-e-sports.zip
https://gamersclub.com.br/campeonatos/csgo/4442,https://gamersclub.com.br/campeonatos/csgo/4442/partida/308735,https://prod-demo-parser-gc-demos.s3.amazonaws.com/683379_de_dust2_bth-esports_orgless-.zip
https://gamersclub.com.br/campeonatos/csgo/4442,https://gamersclub.com.br/campeonatos/csgo/4442/partida/308736,https://prod-demo-parser-gc-demos.s3.amazonaws.com/683377_de_vertigo_csa-esports_rdw-esports.zip
https://gamersclub.com.br/campeonatos/csgo/4442,https://gamersclub.com.br/campeonatos/csgo/4442/partida/308737,https://prod-demo-parser-gc-demos.s3.amazonaws.com/683369_de_inferno_the-clutch-force_atrapa2-gaming.zip
https://gamersclub.com.br/campeonatos/csgo/4442,https://gamersclub.com.br/campeonatos/csgo/4442/partida/308738,https://prod-demo-parser-gc-demos.s3.amazonaws.com/683388_de_dust2_nk-e-sports_barcelona.zip
https://gamersclub.com.br/campeonatos/csgo/4442,https://gamersclub.com.br/campeonatos/csgo/4442/partida/308739,https://prod-demo-parser-gc-demos.s3.amazonaws.com/683392_de_train_ufsc-titans_you-never-know.zip
https://gamersclub.com.br/campeonatos/csgo/4442,https://gamersclub.com.br/campeonatos/csgo/4442/partida/308740,https://prod-demo-parser-gc-demos.s3.amazonaws.com/683404_de_dust2_nukegg_groupie.zip
https://gamersclub.com.br/campeonatos/csgo/4442,https://gamersclub.com.br/campeonatos/csgo/4442/partida/308741,https://prod-demo-parser-gc-demos.s3.amazonaws.com/683401_de_inferno_noorg_renegados.zip
https://gamersclub.com.br/campeonatos/csgo/4442,https://gamersclub.com.br/campeonatos/csgo/4442/partida/308752,https://prod-demo-parser-gc-demos.s3.amazonaws.com/683459_de_mirage_stream-team_ciam-gaming.zip
https://gamersclub.com.br/campeonatos/csgo/4442,https://gamersclub.com.br/campeonatos/csgo/4442/partida/308758,https://prod-demo-parser-gc-demos.s3.amazonaws.com/683471_de_inferno_the-clutch-force_opyt-e-sports.zip
https://gamersclub.com.br/campeonatos/csgo/4442,https://gamersclub.com.br/campeonatos/csgo/4442/partida/308759,https://prod-demo-parser-gc-demos.s3.amazonaws.com/683466_de_inferno_gstfamily_orgxless.zip
https://gamersclub.com.br/campeonatos/csgo/4442,https://gamersclub.com.br/campeonatos/csgo/4442/partida/308765,https://prod-demo-parser-gc-demos.s3.amazonaws.com/683487_de_vertigo_sans-organisation_desempleados.zip
https://gamersclub.com.br/campeonatos/csgo/4442,https://gamersclub.com.br/campeonatos/csgo/4442/partida/308767,https://prod-demo-parser-gc-demos.s3.amazonaws.com/683530_de_inferno_renegados_spacestre.zip
https://gamersclub.com.br/campeonatos/csgo/4442,https://gamersclub.com.br/campeonatos/csgo/4442/partida/308770,https://prod-demo-parser-gc-demos.s3.amazonaws.com/683527_de_dust2_leviatan-esports_barcelona.zip
https://gamersclub.com.br/campeonatos/csgo/4442,https://gamersclub.com.br/campeonatos/csgo/4442/partida/308771,https://prod-demo-parser-gc-demos.s3.amazonaws.com/683526_de_inferno_nk-e-sports_value-dragons.zip
https://gamersclub.com.br/campeonatos/csgo/4442,https://gamersclub.com.br/campeonatos/csgo/4442/partida/308772,https://prod-demo-parser-gc-demos.s3.amazonaws.com/683539_de_dust2_skillers_nukegg.zip
https://gamersclub.com.br/campeonatos/csgo/4442,https://gamersclub.com.br/campeonatos/csgo/4442/partida/308773,https://prod-demo-parser-gc-demos.s3.amazonaws.com/683522_de_mirage_groupie_amigosdopug.zip
https://gamersclub.com.br/campeonatos/csgo/4442,https://gamersclub.com.br/campeonatos/csgo/4442/partida/308774,https://prod-demo-parser-gc-demos.s3.amazonaws.com/683548_de_mirage_bth-esports_rdw-esports.zip
https://gamersclub.com.br/campeonatos/csgo/4442,https://gamersclub.com.br/campeonatos/csgo/4442/partida/308775,https://prod-demo-parser-gc-demos.s3.amazonaws.com/683553_de_dust2_csa-esports_godenvyus.zip
https://gamersclub.com.br/campeonatos/csgo/4442,https://gamersclub.com.br/campeonatos/csgo/4442/partida/308781,https://prod-demo-parser-gc-demos.s3.amazonaws.com/683651_de_train_ufsc-titans_nike12mola.zip
https://gamersclub.com.br/campeonatos/csgo/4442,https://gamersclub.com.br/campeonatos/csgo/4442/partida/308783,https://prod-demo-parser-gc-demos.s3.amazonaws.com/683649_de_inferno_spacestre_ciam-gaming.zip
https://gamersclub.com.br/campeonatos/csgo/4442,https://gamersclub.com.br/campeonatos/csgo/4442/partida/308784,https://prod-demo-parser-gc-demos.s3.amazonaws.com/683695_de_overpass_opyt-e-sports_barcelona.zip
https://gamersclub.com.br/campeonatos/csgo/4442,https://gamersclub.com.br/campeonatos/csgo/4442/partida/308786,https://prod-demo-parser-gc-demos.s3.amazonaws.com/683693_de_dust2_desempleados_nk-e-sports.zip
https://gamersclub.com.br/campeonatos/csgo/4442,https://gamersclub.com.br/campeonatos/csgo/4442/partida/308787,https://prod-demo-parser-gc-demos.s3.amazonaws.com/683697_de_dust2_godenvyus_groupie.zip
https://gamersclub.com.br/campeonatos/csgo/4442,https://gamersclub.com.br/campeonatos/csgo/4442/partida/308788,https://prod-demo-parser-gc-demos.s3.amazonaws.com/683727_de_inferno_orgxless_skillers.zip
https://gamersclub.com.br/campeonatos/csgo/4442,https://gamersclub.com.br/campeonatos/csgo/4442/partida/308791,https://prod-demo-parser-gc-demos.s3.amazonaws.com/683832_de_dust2_nike12mola_bth-esports.zip
https://gamersclub.com.br/campeonatos/csgo/4442,https://gamersclub.com.br/campeonatos/csgo/4442/partida/308792,https://prod-demo-parser-gc-demos.s3.amazonaws.com/683848_de_mirage_spacestre_amigosdopug.zip
https://gamersclub.com.br/campeonatos/csgo/4442,https://gamersclub.com.br/campeonatos/csgo/4442/partida/308793,https://prod-demo-parser-gc-demos.s3.amazonaws.com/684499_de_inferno_skillers_sans-organisation.zip
https://gamersclub.com.br/campeonatos/csgo/4442,https://gamersclub.com.br/campeonatos/csgo/4442/partida/308794,https://prod-demo-parser-gc-demos.s3.amazonaws.com/683871_de_nuke_barcelona_csa-esports.zip
https://gamersclub.com.br/campeonatos/csgo/4442,https://gamersclub.com.br/campeonatos/csgo/4442/partida/308795,https://prod-demo-parser-gc-demos.s3.amazonaws.com/683865_de_dust2_desempleados_godenvyus.zip
https://gamersclub.com.br/campeonatos/csgo/4442,https://gamersclub.com.br/campeonatos/csgo/4442/partida/308796,https://prod-demo-parser-gc-demos.s3.amazonaws.com/684457_de_vertigo_nike12mola_value-dragons.zip
https://gamersclub.com.br/campeonatos/csgo/4442,https://gamersclub.com.br/campeonatos/csgo/4442/partida/308797,https://prod-demo-parser-gc-demos.s3.amazonaws.com/684452_de_dust2_csa-esports_amigosdopug.zip
https://gamersclub.com.br/campeonatos/csgo/4442,https://gamersclub.com.br/campeonatos/csgo/4442/partida/308818,https://prod-demo-parser-gc-demos.s3.amazonaws.com/684510_de_dust2_csa-esports_nk-e-sports.zip
https://gamersclub.com.br/campeonatos/csgo/4442,https://gamersclub.com.br/campeonatos/csgo/4442/partida/308824,https://prod-demo-parser-gc-demos.s3.amazonaws.com/684554_de_vertigo_sans-organisation_nike12mola.zip
https://gamersclub.com.br/campeonatos/csgo/4442,https://gamersclub.com.br/campeonatos/csgo/4442/partida/308828,https://prod-demo-parser-gc-demos.s3.amazonaws.com/684673_de_vertigo_nike12mola_groupie.zip
https://gamersclub.com.br/campeonatos/csgo/4442,https://gamersclub.com.br/campeonatos/csgo/4442/partida/308830,https://prod-demo-parser-gc-demos.s3.amazonaws.com/684817_de_mirage_groupie_nk-e-sports.zip
https://gamersclub.com.br/campeonatos/csgo/4442,https://gamersclub.com.br/campeonatos/csgo/4442/partida/308833,https://prod-demo-parser-gc-demos.s3.amazonaws.com/684961_de_inferno_groupie_godenvyus.zip
https://gamersclub.com.br/campeonatos/csgo/4442,https://gamersclub.com.br/campeonatos/csgo/4442/partida/308833,https://prod-demo-parser-gc-demos.s3.amazonaws.com/685214_de_mirage_groupie_godenvyus.zip
https://gamersclub.com.br/campeonatos/csgo/4442,https://gamersclub.com.br/campeonatos/csgo/4442/partida/308833,https://prod-demo-parser-gc-demos.s3.amazonaws.com/685295_de_nuke_groupie_godenvyus.zip
